parent,child,site,snp,dimer,Clade
Node1,Node2,99683,G->A,GT,Zoonotic
Node1,Node2,136870,G->A,GA,Zoonotic
Node1,Node2,181350,G->A,GC,Zoonotic
Node2,KJ642617|Nigeria-SE-1971|Nigeria|1971-04-14,13625,G->A,GT,Zoonotic
Node2,KJ642617|Nigeria-SE-1971|Nigeria|1971-04-14,98727,C->T,AC,Zoonotic
Node2,KJ642617|Nigeria-SE-1971|Nigeria|1971-04-14,119718,T->C,,Zoonotic
Node2,KJ642617|Nigeria-SE-1971|Nigeria|1971-04-14,129762,A->G,,Zoonotic
Node2,KJ642617|Nigeria-SE-1971|Nigeria|1971-04-14,149744,G->A,GT,Zoonotic
Node2,KJ642617|Nigeria-SE-1971|Nigeria|1971-04-14,160174,G->T,,Zoonotic
Node2,KJ642617|Nigeria-SE-1971|Nigeria|1971-04-14,160852,C->T,AC,Zoonotic
Node2,Node4,3450,G->A,GA,Zoonotic
Node2,Node4,8893,C->A,,Zoonotic
Node2,Node4,38067,G->A,GC,Zoonotic
Node2,Node4,46895,G->A,GT,Zoonotic
Node2,Node4,48138,A->G,,Zoonotic
Node2,Node4,48527,C->A,,Zoonotic
Node2,Node4,53207,C->A,,Zoonotic
Node2,Node4,92516,T->C,,Zoonotic
Node2,Node4,100562,C->T,GC,Zoonotic
Node2,Node4,105126,T->C,,Zoonotic
Node2,Node4,133145,C->T,AC,Zoonotic
Node2,Node4,137627,G->A,GT,Zoonotic
Node2,Node4,141300,G->A,GA,Zoonotic
Node2,Node4,141364,C->T,GC,Zoonotic
Node2,Node4,142450,C->A,,Zoonotic
Node2,Node4,146687,T->C,,Zoonotic
Node2,Node4,160867,G->A,GT,Zoonotic
Node2,Node4,167656,G->T,,Zoonotic
Node2,Node4,171675,G->A,GA,Zoonotic
Node4,Node5,18312,G->A,GA,Clade2B
Node4,Node5,19367,C->T,TC,Clade2B
Node4,Node5,33143,C->T,TC,Clade2B
Node4,Node5,66580,G->A,GA,Clade2B
Node4,Node5,80986,C->T,GC,Clade2B
Node4,Node5,128076,G->A,GA,Clade2B
Node4,Node5,149878,A->G,,Clade2B
Node4,Node5,178423,G->A,GA,Clade2B
Node5,Node6,18769,G->A,GA,Clade2B
Node5,Node6,100261,G->A,GA,Clade2B
Node6,MG693724|MPXV_298464|Nigeria|2017,6739,C->T,TC,Clade2B
Node6,MG693724|MPXV_298464|Nigeria|2017,114221,G->A,GA,Clade2B
Node6,MG693724|MPXV_298464|Nigeria|2017,114537,T->A,,Clade2B
Node6,MG693724|MPXV_298464|Nigeria|2017,124853,G->T,,Clade2B
Node6,MG693724|MPXV_298464|Nigeria|2017,133201,A->T,,Clade2B
Node6,MG693724|MPXV_298464|Nigeria|2017,133202,C->T,AC,Clade2B
Node6,MG693724|MPXV_298464|Nigeria|2017,156429,C->T,TC,Clade2B
Node6,MG693724|MPXV_298464|Nigeria|2017,176642,C->A,,Clade2B
Node6,Node8,154408,C->T,TC,Clade2B
Node8,MT903338|MPXV-M2957|Nigeria|2018,31006,C->T,TC,Clade2B
Node8,Node9,81977,G->A,GA,Clade2B
Node9,NC_063383|MPXV-M5312_HM12|Nigeria|2018-08,28175,C->T,TC,Clade2B
Node9,OP535333|MPXV_5231|Nigeria|2018-01,6635,T->G,,Clade2B
Node9,OP535333|MPXV_5231|Nigeria|2018-01,6638,T->G,,Clade2B
Node9,OP535333|MPXV_5231|Nigeria|2018-01,6660,T->G,,Clade2B
Node6,OP535317|MPXV_5194|Nigeria|2018-01,50184,G->A,GA,Clade2B
Node6,OP535317|MPXV_5194|Nigeria|2018-01,156953,C->A,,Clade2B
Node6,OP535317|MPXV_5194|Nigeria|2018-01,156961,G->A,GG,Clade2B
Node6,OP535317|MPXV_5194|Nigeria|2018-01,156962,G->C,,Clade2B
Node6,OP535317|MPXV_5194|Nigeria|2018-01,156984,G->A,GG,Clade2B
Node6,OP535317|MPXV_5194|Nigeria|2018-01,156990,C->A,,Clade2B
Node6,OP535317|MPXV_5194|Nigeria|2018-01,156995,T->A,,Clade2B
Node6,OP535317|MPXV_5194|Nigeria|2018-01,156998,T->A,,Clade2B
Node6,OP535317|MPXV_5194|Nigeria|2018-01,157010,T->A,,Clade2B
Node6,OP535317|MPXV_5194|Nigeria|2018-01,157072,T->A,,Clade2B
Node6,OP535317|MPXV_5194|Nigeria|2018-01,157078,G->A,GA,Clade2B
Node6,OP535317|MPXV_5194|Nigeria|2018-01,157091,T->A,,Clade2B
Node6,OP535317|MPXV_5194|Nigeria|2018-01,157095,C->A,,Clade2B
Node6,OP535317|MPXV_5194|Nigeria|2018-01,157097,G->A,GT,Clade2B
Node6,OP535317|MPXV_5194|Nigeria|2018-01,157098,T->A,,Clade2B
Node6,OP535317|MPXV_5194|Nigeria|2018-01,157100,T->A,,Clade2B
Node6,OP535317|MPXV_5194|Nigeria|2018-01,157101,T->A,,Clade2B
Node6,OP535317|MPXV_5194|Nigeria|2018-01,157103,T->A,,Clade2B
Node6,OP535317|MPXV_5194|Nigeria|2018-01,157108,A->C,,Clade2B
Node6,OP535317|MPXV_5194|Nigeria|2018-01,157116,A->C,,Clade2B
Node5,Node16,5157,C->T,TC,Clade2B
Node5,Node16,7764,G->A,GA,Clade2B
Node5,Node16,9782,G->A,GC,Clade2B
Node5,Node16,133161,C->T,TC,Clade2B
Node16,MK783029|3029|Nigeria|2017-12-06,13797,C->T,TC,Clade2B
Node16,MK783029|3029|Nigeria|2017-12-06,20153,A->G,,Clade2B
Node16,MK783031|3020|Nigeria|2017-11-09,109736,G->A,GA,Clade2B
Node5,Node139,37209,G->A,GA,Clade2B
Node5,Node139,48180,G->A,GA,Clade2B
Node139,Node141,3477,G->A,GA,Clade2B
Node139,Node141,98046,C->T,TC,Clade2B
Node139,Node141,172965,C->T,TC,Clade2B
Node141,Node142,174056,G->A,GA,Clade2B
Node142,Node143,120237,C->T,TC,Clade2B
Node142,Node143,127906,C->T,TC,Clade2B
Node143,MK783030|3025|Nigeria|2017-11-30,149775,G->A,GA,Clade2B
Node143,OP535321|MPXV_2979|Nigeria|2017-10,16092,C->T,TC,Clade2B
Node143,OP535321|MPXV_2979|Nigeria|2017-10,161496,G->A,GA,Clade2B
Node143,OP535321|MPXV_2979|Nigeria|2017-10,170217,C->T,TC,Clade2B
Node142,OP535341|MPXV_2886|Nigeria|2017-10,22179,C->T,TC,Clade2B
Node141,OP535337|MPXV_2945|Nigeria|2017-10,767,C->T,TC,Clade2B
Node141,OP535337|MPXV_2945|Nigeria|2017-10,21991,G->A,GA,Clade2B
Node141,OP535337|MPXV_2945|Nigeria|2017-10,51364,C->T,TC,Clade2B
Node141,OP535337|MPXV_2945|Nigeria|2017-10,52483,G->A,GA,Clade2B
Node139,Node144,17797,G->A,GA,Clade2B
Node139,Node144,117119,C->T,TC,Clade2B
Node139,Node144,161496,G->A,GA,Clade2B
Node139,Node144,165497,C->T,TC,Clade2B
Node144,OP535322|MPXV_2958|Nigeria|2017-10,2398,G->A,GA,Clade2B
Node144,OP535322|MPXV_2958|Nigeria|2017-10,47585,C->T,TC,Clade2B
Node144,OP535322|MPXV_2958|Nigeria|2017-10,135038,C->T,TC,Clade2B
Node144,OP535338|MPXV_2944|Nigeria|2017-10,10471,G->T,,Clade2B
Node144,OP535338|MPXV_2944|Nigeria|2017-10,69627,C->T,TC,Clade2B
Node144,OP535338|MPXV_2944|Nigeria|2017-10,72231,C->T,TC,Clade2B
Node144,OP535338|MPXV_2944|Nigeria|2017-10,97984,G->A,GA,Clade2B
Node144,OP535338|MPXV_2944|Nigeria|2017-10,106378,G->A,GG,Clade2B
Node139,Node145,8385,C->T,TC,Clade2B
Node139,Node145,43118,G->A,GA,Clade2B
Node139,Node145,113841,C->T,TC,Clade2B
Node139,Node145,146607,C->T,TC,Clade2B
Node145,OP535325|MPXV_5316|Nigeria|2018-06,6690,T->G,,Clade2B
Node145,OP535325|MPXV_5316|Nigeria|2018-06,6712,A->C,,Clade2B
Node145,OP535325|MPXV_5316|Nigeria|2018-06,6745,A->T,,Clade2B
Node145,OP535327|MPXV_5307|Nigeria|2018-03,6706,T->G,,Clade2B
Node145,Node149,29889,G->A,GA,Clade2B
Node149,Node150,28164,C->T,TC,Clade2B
Node149,Node150,87027,C->T,GC,Clade2B
Node149,Node150,121454,G->A,GA,Clade2B
Node150,Node151,3531,G->A,GA,Clade2B
Node150,Node151,151621,T->G,,Clade2B
Node150,OP612678|MPXV/017/19|Nigeria|2019-03-19,46685,G->A,GA,Clade2B
Node150,OP612678|MPXV/017/19|Nigeria|2019-03-19,144659,G->A,GA,Clade2B
Node150,OP612678|MPXV/017/19|Nigeria|2019-03-19,165688,G->A,GT,Clade2B
Node149,Node152,40251,C->T,TC,Clade2B
Node149,Node152,63801,C->T,TC,Clade2B
Node149,Node152,162243,G->A,GA,Clade2B
Node152,OP612680|MPXV/021/19|Nigeria|2019-04-03,63264,C->T,TC,Clade2B
Node152,OP612680|MPXV/021/19|Nigeria|2019-04-03,104748,T->C,,Clade2B
Node152,OP612684|MPXV/046/19|Nigeria|2019-05-13,92830,C->T,TC,Clade2B
Node152,OP612684|MPXV/046/19|Nigeria|2019-05-13,180656,G->A,GA,Clade2B
Node152,OP612684|MPXV/046/19|Nigeria|2019-05-13,186423,G->A,GA,Clade2B
Node5,Node21,154015,G->A,GA,Clade2B
Node21,Node22,10430,C->T,TC,Clade2B
Node21,Node22,18699,C->T,TC,Clade2B
Node21,Node22,143669,C->T,TC,Clade2B
Node21,Node22,180039,G->A,GA,Clade2B
Node21,Node22,189317,G->A,GA,Clade2B
Node22,MK783032|3030|Nigeria|2017-11-01,26002,G->A,GA,Clade2B
Node22,MK783032|3030|Nigeria|2017-11-01,134814,C->T,TC,Clade2B
Node22,MK783032|3030|Nigeria|2017-11-01,180827,G->A,GA,Clade2B
Node22,OP535320|MPXV_3008|Nigeria|2017-11,15876,G->A,GA,Clade2B
Node21,Node23,18792,C->T,TC,Clade2B
Node21,Node23,149265,G->A,GA,Clade2B
Node21,Node23,161953,C->T,TC,Clade2B
Node21,Node23,165782,C->T,TC,Clade2B
Node23,Node24,13298,C->T,AC,Clade2B
Node23,Node24,30636,C->T,TC,Clade2B
Node23,Node24,34472,C->T,TC,Clade2B
Node23,Node24,34578,C->T,TC,Clade2B
Node23,Node24,80099,G->A,GA,Clade2B
Node23,Node24,93387,G->A,GA,Clade2B
Node23,Node24,114659,G->A,GG,Clade2B
Node23,Node24,124031,G->A,GA,Clade2B
Node23,Node24,149872,C->T,TC,Clade2B
Node23,Node24,168205,G->A,GC,Clade2B
Node23,Node24,177720,C->T,TC,Clade2B
Node24,Node25,25072,C->T,TC,Clade2B
Node25,Node26,36898,G->A,GA,Clade2B
Node25,Node26,42183,G->A,GA,Clade2B
Node25,Node26,42903,C->T,TC,Clade2B
Node25,Node26,73616,C->T,TC,Clade2B
Node25,Node26,79406,G->A,GA,Clade2B
Node25,Node26,105746,G->A,GA,Clade2B
Node25,Node26,140492,A->C,,Clade2B
Node25,Node26,142498,C->T,TC,Clade2B
Node25,Node26,157737,C->T,TC,Clade2B
Node25,Node26,161152,C->T,AC,Clade2B
Node25,Node26,179537,C->T,TC,Clade2B
Node26,Node27,50346,G->A,GA,Clade2B
Node26,Node27,54268,C->T,TC,Clade2B
Node27,Node28,95936,T->A,,Clade2B
Node28,ON674051|FL001|USA_ex|2022-05-22,112544,C->T,TC,Clade2B
Node28,ON674051|FL001|USA_ex|2022-05-22,163540,G->A,GA,Clade2B
Node28,Node30,29768,A->C,,Clade2B
Node28,Node30,29769,T->C,,Clade2B
Node28,Node30,55575,G->T,,Clade2B
Node28,Node30,55579,A->G,,Clade2B
Node28,Node30,55582,A->G,,Clade2B
Node30,OP597769|MOH-NRC-0002|Egypt|2022-09-26,13514,A->G,,Clade2B
Node30,OP597769|MOH-NRC-0002|Egypt|2022-09-26,13516,T->A,,Clade2B
Node30,OP597769|MOH-NRC-0002|Egypt|2022-09-26,13518,G->A,GA,Clade2B
Node30,OP597769|MOH-NRC-0002|Egypt|2022-09-26,34472,T->C,,Clade2B
Node30,OP597769|MOH-NRC-0002|Egypt|2022-09-26,39119,C->T,TC,Clade2B
Node30,OP597769|MOH-NRC-0002|Egypt|2022-09-26,44057,C->T,CC,Clade2B
Node30,OP597769|MOH-NRC-0002|Egypt|2022-09-26,55585,A->G,,Clade2B
Node30,OP597769|MOH-NRC-0002|Egypt|2022-09-26,64031,G->A,GA,Clade2B
Node30,OP597769|MOH-NRC-0002|Egypt|2022-09-26,72362,C->T,TC,Clade2B
Node30,OP597769|MOH-NRC-0002|Egypt|2022-09-26,77076,G->A,GA,Clade2B
Node30,OP597769|MOH-NRC-0002|Egypt|2022-09-26,87230,G->A,GA,Clade2B
Node30,OP597769|MOH-NRC-0002|Egypt|2022-09-26,87297,G->A,GA,Clade2B
Node30,OP597769|MOH-NRC-0002|Egypt|2022-09-26,91728,G->A,GA,Clade2B
Node30,OP597769|MOH-NRC-0002|Egypt|2022-09-26,119296,C->T,TC,Clade2B
Node30,OP597769|MOH-NRC-0002|Egypt|2022-09-26,125249,G->A,GA,Clade2B
Node30,OP597769|MOH-NRC-0002|Egypt|2022-09-26,140233,C->T,AC,Clade2B
Node30,OP597769|MOH-NRC-0002|Egypt|2022-09-26,168120,C->T,TC,Clade2B
Node30,OP597769|MOH-NRC-0002|Egypt|2022-09-26,168194,C->T,AC,Clade2B
Node30,OP597769|MOH-NRC-0002|Egypt|2022-09-26,179537,T->C,,Clade2B
Node30,OP597769|MOH-NRC-0002|Egypt|2022-09-26,179947,A->T,,Clade2B
Node30,OP597769|MOH-NRC-0002|Egypt|2022-09-26,179950,A->T,,Clade2B
Node30,EPI_ISL_13953610|KL-ICMR-16-5316-553|India_ex_UAE|2022-07-13,16731,G->A,GA,Clade2B
Node30,EPI_ISL_13953610|KL-ICMR-16-5316-553|India_ex_UAE|2022-07-13,29763,C->T,C,Clade2B
Node30,EPI_ISL_13953610|KL-ICMR-16-5316-553|India_ex_UAE|2022-07-13,46522,A->G,,Clade2B
Node30,EPI_ISL_13953610|KL-ICMR-16-5316-553|India_ex_UAE|2022-07-13,55555,A->C,,Clade2B
Node30,EPI_ISL_13953610|KL-ICMR-16-5316-553|India_ex_UAE|2022-07-13,55559,T->C,,Clade2B
Node30,EPI_ISL_13953610|KL-ICMR-16-5316-553|India_ex_UAE|2022-07-13,115379,C->T,TC,Clade2B
Node30,EPI_ISL_13953610|KL-ICMR-16-5316-553|India_ex_UAE|2022-07-13,135822,C->T,TC,Clade2B
Node30,EPI_ISL_13953610|KL-ICMR-16-5316-553|India_ex_UAE|2022-07-13,154694,C->T,TC,Clade2B
Node30,EPI_ISL_13953610|KL-ICMR-16-5316-553|India_ex_UAE|2022-07-13,155477,T->A,,Clade2B
Node28,OP936001|Mpox-HCMC-M155|Vietnam_ex_Dubai|2022-10-19,6346,C->A,,Clade2B
Node28,OP936001|Mpox-HCMC-M155|Vietnam_ex_Dubai|2022-10-19,6352,A->T,,Clade2B
Node28,OP936001|Mpox-HCMC-M155|Vietnam_ex_Dubai|2022-10-19,15629,C->T,GC,Clade2B
Node28,OP936001|Mpox-HCMC-M155|Vietnam_ex_Dubai|2022-10-19,19904,A->G,,Clade2B
Node28,OP936001|Mpox-HCMC-M155|Vietnam_ex_Dubai|2022-10-19,46522,A->G,,Clade2B
Node28,OP936001|Mpox-HCMC-M155|Vietnam_ex_Dubai|2022-10-19,52289,G->A,GT,Clade2B
Node28,OP936001|Mpox-HCMC-M155|Vietnam_ex_Dubai|2022-10-19,66122,T->C,,Clade2B
Node28,OP936001|Mpox-HCMC-M155|Vietnam_ex_Dubai|2022-10-19,67261,G->A,GA,Clade2B
Node28,OP936001|Mpox-HCMC-M155|Vietnam_ex_Dubai|2022-10-19,115379,C->T,TC,Clade2B
Node28,OP936001|Mpox-HCMC-M155|Vietnam_ex_Dubai|2022-10-19,135822,C->T,TC,Clade2B
Node28,OP936001|Mpox-HCMC-M155|Vietnam_ex_Dubai|2022-10-19,142498,T->C,,Clade2B
Node28,OP936001|Mpox-HCMC-M155|Vietnam_ex_Dubai|2022-10-19,157767,G->A,GT,Clade2B
Node28,OP936001|Mpox-HCMC-M155|Vietnam_ex_Dubai|2022-10-19,168691,T->G,,Clade2B
Node28,OP936001|Mpox-HCMC-M155|Vietnam_ex_Dubai|2022-10-19,179031,A->T,,Clade2B
Node28,OP936001|Mpox-HCMC-M155|Vietnam_ex_Dubai|2022-10-19,179032,T->A,,Clade2B
Node28,OP936001|Mpox-HCMC-M155|Vietnam_ex_Dubai|2022-10-19,179033,A->T,,Clade2B
Node28,OP936001|Mpox-HCMC-M155|Vietnam_ex_Dubai|2022-10-19,181947,G->A,GA,Clade2B
Node27,Node31,184924,C->T,TC,Clade2B
Node31,Node32,30868,G->A,GA,Clade2B
Node31,Node32,43103,G->A,GA,Clade2B
Node31,Node32,102599,G->A,GA,Clade2B
Node32,ON676708|USA_2021_MD|USA_ex_Nigeria|9000155|UK|2022-06-03,164210,C->T,TC,Clade2B
Node31,OP936000|Mpox-HCMC-M157|Vietnam_ex_Dubai|2022-09-26,32252,C->T,TC,Clade2B
Node31,OP936000|Mpox-HCMC-M157|Vietnam_ex_Dubai|2022-09-26,51559,G->A,GA,Clade2B
Node31,OP936000|Mpox-HCMC-M157|Vietnam_ex_Dubai|2022-09-26,86823,A->T,,Clade2B
Node31,OP936000|Mpox-HCMC-M157|Vietnam_ex_Dubai|2022-09-26,103706,G->A,GA,Clade2B
Node31,OP936000|Mpox-HCMC-M157|Vietnam_ex_Dubai|2022-09-26,152033,C->T,TC,Clade2B
Node31,OP936000|Mpox-HCMC-M157|Vietnam_ex_Dubai|2022-09-26,167015,T->G,,Clade2B
Node31,OP936000|Mpox-HCMC-M157|Vietnam_ex_Dubai|2022-09-26,167022,C->T,AC,Clade2B
Node31,OP936000|Mpox-HCMC-M157|Vietnam_ex_Dubai|2022-09-26,167029,G->C,,Clade2B
Node31,OP936000|Mpox-HCMC-M157|Vietnam_ex_Dubai|2022-09-26,187574,A->C,,Clade2B
Node26,MASK_unpub|TRM332|Nigeria|Anambra|2022-10-12,21723,G->A,GA,Clade2B
Node26,MASK_unpub|TRM332|Nigeria|Anambra|2022-10-12,77496,C->T,TC,Clade2B
Node26,MASK_unpub|TRM332|Nigeria|Anambra|2022-10-12,89914,C->T,TC,Clade2B
Node26,MASK_unpub|TRM332|Nigeria|Anambra|2022-10-12,120216,G->A,GA,Clade2B
Node26,MASK_unpub|TRM332|Nigeria|Anambra|2022-10-12,124101,C->T,TC,Clade2B
Node26,MASK_unpub|TRM332|Nigeria|Anambra|2022-10-12,151017,G->A,GA,Clade2B
Node26,MASK_unpub|TRM332|Nigeria|Anambra|2022-10-12,157498,G->A,GA,Clade2B
Node25,OP612691|MPXV/191/20|Nigeria|2020-01-23,90329,C->T,TC,Clade2B
Node25,OP612691|MPXV/191/20|Nigeria|2020-01-23,132520,C->T,TC,Clade2B
Node24,Node34,29887,C->T,TC,Clade2B
Node24,Node34,188544,G->A,GA,Clade2B
Node34,Node35,13648,C->T,AC,Clade2B
Node34,Node35,144446,G->A,GA,Clade2B
Node34,Node35,168532,C->T,TC,Clade2B
Node34,Node35,179853,C->T,TC,Clade2B
Node35,Node36,11332,G->A,GA,Clade2B
Node35,Node36,12099,G->A,GA,Clade2B
Node35,Node36,15105,C->T,TC,Clade2B
Node35,Node36,16227,C->T,TC,Clade2B
Node35,Node36,64216,G->A,GG,Clade2B
Node35,Node36,75614,G->A,GA,Clade2B
Node35,Node36,128534,C->T,TC,Clade2B
Node35,Node36,130454,G->A,GA,Clade2B
Node35,Node36,134442,C->T,TC,Clade2B
Node35,Node36,142918,C->T,TC,Clade2B
Node35,Node36,156429,C->T,TC,Clade2B
Node35,Node36,179628,A->G,,Clade2B
Node36,ON675438|VA001|USA_ex|2022-05-27,42101,C->T,TC,Clade2B
Node36,ON675438|VA001|USA_ex|2022-05-27,117119,C->T,TC,Clade2B
Node36,ON675438|VA001|USA_ex|2022-05-27,164832,C->T,TC,Clade2B
Node36,ON675438|VA001|USA_ex|2022-05-27,174610,G->A,GA,Clade2B
Node36,MASK_unpub|TRM320|Nigeria|Rivers|2022-10-03,2146,G->A,GA,Clade2B
Node36,MASK_unpub|TRM320|Nigeria|Rivers|2022-10-03,7624,C->T,TC,Clade2B
Node36,MASK_unpub|TRM320|Nigeria|Rivers|2022-10-03,7820,C->T,TC,Clade2B
Node36,MASK_unpub|TRM320|Nigeria|Rivers|2022-10-03,8462,C->T,AC,Clade2B
Node36,MASK_unpub|TRM320|Nigeria|Rivers|2022-10-03,9227,C->T,TC,Clade2B
Node36,MASK_unpub|TRM320|Nigeria|Rivers|2022-10-03,9399,C->T,TC,Clade2B
Node36,MASK_unpub|TRM320|Nigeria|Rivers|2022-10-03,55216,A->G,,Clade2B
Node36,MASK_unpub|TRM320|Nigeria|Rivers|2022-10-03,74000,C->T,TC,Clade2B
Node36,MASK_unpub|TRM320|Nigeria|Rivers|2022-10-03,89249,C->T,TC,Clade2B
Node36,MASK_unpub|TRM320|Nigeria|Rivers|2022-10-03,105147,G->A,GA,Clade2B
Node36,MASK_unpub|TRM320|Nigeria|Rivers|2022-10-03,160993,G->A,GA,Clade2B
Node36,MASK_unpub|TRM320|Nigeria|Rivers|2022-10-03,176657,C->T,TC,Clade2B
Node35,Node37,15626,G->T,,Clade2B
Node35,Node37,23127,G->A,GA,Clade2B
Node35,Node37,65895,G->A,GA,Clade2B
Node35,Node37,90945,C->T,TC,Clade2B
Node35,Node37,116774,G->A,GA,Clade2B
Node35,Node37,134628,C->T,TC,Clade2B
Node35,Node37,152410,G->A,GA,Clade2B
Node35,Node37,175231,A->C,,Clade2B
Node35,Node37,175305,G->A,GA,Clade2B
Node35,Node37,175403,C->G,,Clade2B
Node35,Node37,181209,C->T,TC,Clade2B
Node37,Node39,63140,C->T,TC,Clade2B
Node37,Node39,84767,C->T,TC,Clade2B
Node39,EPI_ISL_15008577|DL-ICMR-84-6146-602|India_ex_Nigeria|2022-08-11,21977,T->G,,Clade2B
Node39,EPI_ISL_15008577|DL-ICMR-84-6146-602|India_ex_Nigeria|2022-08-11,21982,A->C,,Clade2B
Node39,EPI_ISL_15008577|DL-ICMR-84-6146-602|India_ex_Nigeria|2022-08-11,29763,C->T,C,Clade2B
Node39,EPI_ISL_15008577|DL-ICMR-84-6146-602|India_ex_Nigeria|2022-08-11,29768,A->C,,Clade2B
Node39,EPI_ISL_15008577|DL-ICMR-84-6146-602|India_ex_Nigeria|2022-08-11,29769,T->C,,Clade2B
Node39,EPI_ISL_15008577|DL-ICMR-84-6146-602|India_ex_Nigeria|2022-08-11,77875,G->A,GC,Clade2B
Node39,MASK_unpub|TRM321|Nigeria|Ondo|2022-10-05,33788,G->A,GA,Clade2B
Node39,MASK_unpub|TRM321|Nigeria|Ondo|2022-10-05,46402,G->A,GA,Clade2B
Node39,MASK_unpub|TRM321|Nigeria|Ondo|2022-10-05,123410,C->T,TC,Clade2B
Node39,MASK_unpub|TRM321|Nigeria|Ondo|2022-10-05,134181,C->T,TC,Clade2B
Node39,MASK_unpub|TRM321|Nigeria|Ondo|2022-10-05,161631,G->A,GA,Clade2B
Node39,MASK_unpub|TRM321|Nigeria|Ondo|2022-10-05,173834,G->A,GA,Clade2B
Node39,MASK_unpub|TRM321|Nigeria|Ondo|2022-10-05,190695,G->A,GA,Clade2B
Node39,MASK_unpub|TRM353|Nigeria|Plateau|2022-10-24,25149,G->A,GA,Clade2B
Node39,MASK_unpub|TRM353|Nigeria|Plateau|2022-10-24,149825,C->T,TC,Clade2B
Node39,MASK_unpub|TRM353|Nigeria|Plateau|2022-10-24,176086,C->T,TC,Clade2B
Node39,MASK_unpub|TRM353|Nigeria|Plateau|2022-10-24,178127,G->A,GA,Clade2B
Node37,MASK_unpub|TRM307|Nigeria|FCT|2022-09-26,109627,C->A,,Clade2B
Node37,MASK_unpub|TRM307|Nigeria|FCT|2022-09-26,112049,C->T,TC,Clade2B
Node37,MASK_unpub|TRM307|Nigeria|FCT|2022-09-26,136039,G->A,GG,Clade2B
Node37,MASK_unpub|TRM307|Nigeria|FCT|2022-09-26,148319,G->A,GA,Clade2B
Node37,MASK_unpub|TRM343|Nigeria|Kaduna|2022-10-26,12117,C->T,TC,Clade2B
Node37,MASK_unpub|TRM343|Nigeria|Kaduna|2022-10-26,33595,C->T,TC,Clade2B
Node37,MASK_unpub|TRM343|Nigeria|Kaduna|2022-10-26,72591,T->C,,Clade2B
Node37,MASK_unpub|TRM343|Nigeria|Kaduna|2022-10-26,84233,C->T,TC,Clade2B
Node37,MASK_unpub|TRM343|Nigeria|Kaduna|2022-10-26,95653,G->A,GA,Clade2B
Node37,MASK_unpub|TRM343|Nigeria|Kaduna|2022-10-26,113740,C->T,TC,Clade2B
Node37,MASK_unpub|TRM343|Nigeria|Kaduna|2022-10-26,134456,A->C,,Clade2B
Node37,MASK_unpub|TRM343|Nigeria|Kaduna|2022-10-26,165800,G->A,GA,Clade2B
Node34,Node41,5089,G->A,GA,Clade2B
Node34,Node41,7844,C->T,TC,Clade2B
Node34,Node41,9477,C->T,TC,Clade2B
Node34,Node41,10795,C->T,TC,Clade2B
Node34,Node41,11034,C->T,TC,Clade2B
Node34,Node41,12426,C->T,TC,Clade2B
Node34,Node41,34432,C->T,TC,Clade2B
Node34,Node41,41437,C->T,TC,Clade2B
Node34,Node41,55823,G->A,GA,Clade2B
Node34,Node41,63034,G->A,GA,Clade2B
Node34,Node41,91998,G->A,GT,Clade2B
Node34,Node41,108891,C->T,TC,Clade2B
Node34,Node41,134107,G->A,GC,Clade2B
Node34,Node41,147845,C->T,TC,Clade2B
Node34,Node41,149359,G->A,GA,Clade2B
Node34,Node41,189358,C->T,TC,Clade2B
Node41,Node42,65370,G->A,GA,Clade2B
Node42,Node43,134134,C->T,TC,Clade2B
Node43,MASK_unpub|TRM275|Nigeria|Kwara|2022-09-15,22179,C->T,TC,Clade2B
Node43,MASK_unpub|TRM275|Nigeria|Kwara|2022-09-15,117590,C->T,TC,Clade2B
Node43,Node46,143511,C->T,CC,Clade2B
Node43,Node46,179321,C->T,TC,Clade2B
Node43,Node46,188491,C->T,TC,Clade2B
Node46,MASK_unpub|TRM295|Nigeria|Lagos|2022-09-18,33832,C->T,TC,Clade2B
Node46,Node47,79010,C->T,TC,Clade2B
Node46,Node47,154188,G->A,GA,Clade2B
Node43,MASK_unpub|TRM346|Nigeria|Lagos|2022-09-20,27406,G->A,GA,Clade2B
Node43,MASK_unpub|TRM346|Nigeria|Lagos|2022-09-20,57608,A->C,,Clade2B
Node43,MASK_unpub|TRM346|Nigeria|Lagos|2022-09-20,64802,C->T,TC,Clade2B
Node43,MASK_unpub|TRM346|Nigeria|Lagos|2022-09-20,96943,G->T,,Clade2B
Node43,MASK_unpub|TRM346|Nigeria|Lagos|2022-09-20,109627,C->A,,Clade2B
Node43,MASK_unpub|TRM346|Nigeria|Lagos|2022-09-20,149590,G->A,GA,Clade2B
Node43,MASK_unpub|TRM351|Nigeria|Rivers|2022-10-12,9099,C->T,TC,Clade2B
Node43,MASK_unpub|TRM351|Nigeria|Rivers|2022-10-12,125753,C->T,TC,Clade2B
Node42,MASK_unpub|TRM363|Nigeria|Bayelsa|2022-10-13,87741,C->T,TC,Clade2B
Node42,MASK_unpub|TRM363|Nigeria|Bayelsa|2022-10-13,126310,G->A,GA,Clade2B
Node42,MASK_unpub|TRM363|Nigeria|Bayelsa|2022-10-13,187145,G->A,GA,Clade2B
Node41,Node49,165875,G->A,GA,Clade2B
Node49,Node50,168930,G->A,GA,Clade2B
Node50,Node53,9462,G->A,GT,Clade2B
Node50,Node53,133838,G->A,GA,Clade2B
Node50,Node53,178988,G->A,GA,Clade2B
Node53,MASK_unpub|TRM276|Nigeria|Anambra|2022-09-22,109627,C->A,,Clade2B
Node53,MASK_unpub|TRM276|Nigeria|Anambra|2022-09-22,138799,G->A,GA,Clade2B
Node53,MASK_unpub|TRM323|Nigeria|Ogun|2022-10-26,39062,C->T,TC,Clade2B
Node53,MASK_unpub|TRM323|Nigeria|Ogun|2022-10-26,66570,C->T,TC,Clade2B
Node53,MASK_unpub|TRM323|Nigeria|Ogun|2022-10-26,93646,C->T,TC,Clade2B
Node53,MASK_unpub|TRM323|Nigeria|Ogun|2022-10-26,120534,C->T,TC,Clade2B
Node53,MASK_unpub|TRM323|Nigeria|Ogun|2022-10-26,120803,A->G,,Clade2B
Node53,MASK_unpub|TRM323|Nigeria|Ogun|2022-10-26,134403,G->A,GA,Clade2B
Node50,Node54,41219,C->T,TC,Clade2B
Node50,Node54,95172,G->A,GA,Clade2B
Node54,MASK_unpub|TRM296|Nigeria|Delta|2022-08-30,68484,C->T,TC,Clade2B
Node54,MASK_unpub|TRM347|Nigeria|Delta|2022-08-30,77383,G->A,GA,Clade2B
Node50,Node55,86964,C->T,TC,Clade2B
Node50,Node55,89240,C->T,TC,Clade2B
Node50,Node55,187333,G->A,GA,Clade2B
Node55,MASK_unpub|TRM352|Nigeria|Akwa-Ibom|2022-10-08,100779,G->A,GA,Clade2B
Node50,MASK_unpub|TRM331|Nigeria|Rivers|2022-10-06,171907,G->A,GT,Clade2B
Node49,MASK_unpub|TRM337|Nigeria|Delta|2022-09-16,8332,C->T,TC,Clade2B
Node49,MASK_unpub|TRM337|Nigeria|Delta|2022-09-16,26567,C->T,TC,Clade2B
Node49,MASK_unpub|TRM337|Nigeria|Delta|2022-09-16,26603,G->C,,Clade2B
Node49,MASK_unpub|TRM337|Nigeria|Delta|2022-09-16,166214,C->T,TC,Clade2B
Node49,MASK_unpub|TRM337|Nigeria|Delta|2022-09-16,169680,G->A,GT,Clade2B
Node49,MASK_unpub|TRM337|Nigeria|Delta|2022-09-16,177312,G->A,GA,Clade2B
Node41,MASK_unpub|TRM329|Nigeria|Bayelsa|2022-09-28,6111,C->T,TC,Clade2B
Node41,MASK_unpub|TRM329|Nigeria|Bayelsa|2022-09-28,6771,G->A,GA,Clade2B
Node41,MASK_unpub|TRM329|Nigeria|Bayelsa|2022-09-28,12174,C->T,TC,Clade2B
Node41,MASK_unpub|TRM329|Nigeria|Bayelsa|2022-09-28,57033,G->A,GA,Clade2B
Node41,MASK_unpub|TRM329|Nigeria|Bayelsa|2022-09-28,58957,T->A,,Clade2B
Node41,MASK_unpub|TRM329|Nigeria|Bayelsa|2022-09-28,86403,G->A,GA,Clade2B
Node41,MASK_unpub|TRM329|Nigeria|Bayelsa|2022-09-28,88275,G->A,GT,Clade2B
Node41,MASK_unpub|TRM329|Nigeria|Bayelsa|2022-09-28,126664,C->T,TC,Clade2B
Node41,MASK_unpub|TRM329|Nigeria|Bayelsa|2022-09-28,144216,C->T,TC,Clade2B
Node41,MASK_unpub|TRM329|Nigeria|Bayelsa|2022-09-28,145889,G->A,GA,Clade2B
Node41,MASK_unpub|TRM329|Nigeria|Bayelsa|2022-09-28,164832,C->T,TC,Clade2B
Node41,MASK_unpub|TRM329|Nigeria|Bayelsa|2022-09-28,166214,C->T,TC,Clade2B
Node24,Node58,2752,G->A,GA,Clade2B
Node24,Node58,39173,G->A,GA,Clade2B
Node24,Node58,57284,C->T,TC,Clade2B
Node24,Node58,61844,G->A,GA,Clade2B
Node24,Node58,74226,C->T,TC,Clade2B
Node24,Node58,118739,G->A,GA,Clade2B
Node24,Node58,146223,C->T,TC,Clade2B
Node24,Node58,148427,G->A,GA,Clade2B
Node24,Node58,150800,G->A,GA,Clade2B
Node24,Node58,168365,G->A,GA,Clade2B
Node24,Node58,170317,G->A,GA,Clade2B
Node24,Node58,172527,G->A,GA,Clade2B
Node24,Node58,175759,C->T,GC,Clade2B
Node24,Node58,189417,G->A,GA,Clade2B
Node24,Node58,189474,C->T,TC,Clade2B
Node58,ON676707|USA_2021_TX|USA_ex_Nigeria|2021-07-15,100640,C->T,TC,Clade2B
Node58,ON676707|USA_2021_TX|USA_ex_Nigeria|2021-07-15,142636,G->A,GA,Clade2B
Node58,ON676707|USA_2021_TX|USA_ex_Nigeria|2021-07-15,186104,C->T,TC,Clade2B
Node58,Node59,30669,C->T,TC,Clade2B
Node58,Node59,136132,G->A,GG,Clade2B
Node58,Node59,181216,C->T,TC,Clade2B
Node59,Node60,180686,C->T,TC,Clade2B
Node60,Node61,45028,C->T,TC,Clade2B
Node60,Node61,49377,G->A,GA,Clade2B
Node60,Node61,95355,G->A,GA,Clade2B
Node60,Node61,142265,G->A,GA,Clade2B
Node60,Node61,159143,C->T,TC,Clade2B
Node60,Node61,188229,G->A,GA,Clade2B
Node60,Node61,188839,G->A,GA,Clade2B
Node61,OP555515|PT0428|Portugal|2022-08-01,121320,C->T,GC,Clade2B
Node61,OP555515|PT0428|Portugal|2022-08-01,162264,C->T,TC,Clade2B
Node61,OP555515|PT0428|Portugal|2022-08-01,170573,C->T,TC,Clade2B
Node61,MASK_unpub|TRM333|Nigeria|Kaduna|2022-10-24,37900,C->T,TC,Clade2B
Node61,MASK_unpub|TRM333|Nigeria|Kaduna|2022-10-24,77065,G->A,GA,Clade2B
Node61,MASK_unpub|TRM333|Nigeria|Kaduna|2022-10-24,134712,C->T,TC,Clade2B
Node61,MASK_unpub|TRM333|Nigeria|Kaduna|2022-10-24,150706,G->A,GA,Clade2B
Node61,MASK_unpub|TRM333|Nigeria|Kaduna|2022-10-24,163246,C->T,TC,Clade2B
Node61,MASK_unpub|TRM333|Nigeria|Kaduna|2022-10-24,189624,C->T,TC,Clade2B
Node60,Node64,78291,G->T,,Clade2B
Node60,Node64,147459,G->A,GA,Clade2B
Node64,MASK_unpub|TRM076|Nigeria|Rivers|2022-09-27,23078,G->A,GA,Clade2B
Node64,MASK_unpub|TRM076|Nigeria|Rivers|2022-09-27,23110,G->A,GA,Clade2B
Node64,Node69,1984,C->T,TC,Clade2B
Node64,Node69,24744,C->T,TC,Clade2B
Node64,Node69,40169,C->T,CC,Clade2B
Node69,Node70,42870,G->A,GA,Clade2B
Node69,Node70,54935,C->T,TC,Clade2B
Node69,Node70,158380,G->A,GT,Clade2B
Node70,MASK_unpub|TRM077|Nigeria|Anambra|2022-09-27,6813,C->T,TC,Clade2B
Node70,MASK_unpub|TRM077|Nigeria|Anambra|2022-09-27,15156,C->T,TC,Clade2B
Node70,MASK_unpub|TRM349|Nigeria|Anambra|2022-09-27,10513,C->T,TC,Clade2B
Node69,Node71,126454,G->A,GA,Clade2B
Node69,Node71,170320,G->A,GA,Clade2B
Node69,Node71,173032,C->T,TC,Clade2B
Node71,MASK_unpub|VSP194|Nigeria|Borno|2022-01-01,56992,G->A,GA,Clade2B
Node71,MASK_unpub|VSP194|Nigeria|Borno|2022-01-01,118062,C->T,AC,Clade2B
Node71,MASK_unpub|VSP194|Nigeria|Borno|2022-01-01,164910,G->A,GA,Clade2B
Node71,MASK_unpub|VSP194|Nigeria|Borno|2022-01-01,182189,G->A,GA,Clade2B
Node71,Node72,155097,G->A,GA,Clade2B
Node72,Node73,43451,T->C,,Clade2B
Node72,Node73,142493,G->A,GA,Clade2B
Node73,MASK_unpub|VSP210|Nigeria|Enugu|2023-03-21,129073,G->A,GA,Clade2B
Node72,Node74,79103,G->A,GA,Clade2B
Node74,MASK_unpub|VSP208|Nigeria|Rivers|2023-03-15,3287,C->T,GC,Clade2B
Node74,MASK_unpub|VSP208|Nigeria|Rivers|2023-03-15,84008,C->T,TC,Clade2B
Node74,MASK_unpub|VSP208|Nigeria|Rivers|2023-03-15,89382,C->T,TC,Clade2B
Node74,MASK_unpub|VSP208|Nigeria|Rivers|2023-03-15,109802,C->T,TC,Clade2B
Node64,Node83,162144,C->T,TC,Clade2B
Node83,Node84,31874,C->T,TC,Clade2B
Node83,Node84,39206,G->A,GA,Clade2B
Node83,Node84,49731,C->T,TC,Clade2B
Node83,Node84,132988,C->T,TC,Clade2B
Node84,Node86,967,G->A,GA,Clade2B
Node84,Node86,127592,G->A,GA,Clade2B
Node84,Node86,165231,C->T,TC,Clade2B
Node84,Node86,186984,G->A,GA,Clade2B
Node86,Node87,69044,C->T,TC,Clade2B
Node86,Node87,100007,C->T,TC,Clade2B
Node87,Node90,14052,C->T,TC,Clade2B
Node87,Node90,88854,G->A,GA,Clade2B
Node87,MASK_unpub|TRM306|Nigeria|Imo|2022-09-13,138604,G->A,GA,Clade2B
Node87,MASK_unpub|TRM306|Nigeria|Imo|2022-09-13,163297,G->A,GA,Clade2B
Node87,MASK_unpub|VSP190|Nigeria|Abia|2023-01-02,29315,C->T,TC,Clade2B
Node86,Node91,171808,C->T,TC,Clade2B
Node86,Node91,177009,G->A,GA,Clade2B
Node91,MASK_unpub|TRM279|Nigeria|Abia|2022-09-26,136630,C->T,AC,Clade2B
Node91,MASK_unpub|TRM299|Nigeria|Abia|2022-09-26,70212,T->A,,Clade2B
Node91,MASK_unpub|TRM299|Nigeria|Abia|2022-09-26,78809,G->A,GC,Clade2B
Node84,Node93,11787,C->T,TC,Clade2B
Node93,MASK_unpub|TRM303|Nigeria|Imo|2022-10-24,97206,G->A,GA,Clade2B
Node93,MASK_unpub|TRM303|Nigeria|Imo|2022-10-24,189924,G->A,GA,Clade2B
Node93,MASK_unpub|TRM367|Nigeria|Anambra|2022-09-14,116175,C->T,TC,Clade2B
Node93,MASK_unpub|TRM367|Nigeria|Anambra|2022-09-14,121738,C->T,TC,Clade2B
Node93,MASK_unpub|TRM367|Nigeria|Anambra|2022-09-14,156429,C->T,TC,Clade2B
Node84,Node92,170434,C->T,TC,Clade2B
Node92,MASK_unpub|TRM311|Nigeria|Edo|2022-10-01,53180,G->A,GA,Clade2B
Node92,MASK_unpub|TRM327|Nigeria|Delta|2022-09-16,21309,C->T,TC,Clade2B
Node83,Node94,20486,C->T,TC,Clade2B
Node83,Node94,39139,C->T,TC,Clade2B
Node83,Node94,49221,G->A,GA,Clade2B
Node83,Node94,85219,C->T,GC,Clade2B
Node83,Node94,102722,G->A,GA,Clade2B
Node83,Node94,108292,C->T,TC,Clade2B
Node83,Node94,123308,G->T,,Clade2B
Node83,Node94,132476,C->T,TC,Clade2B
Node83,Node94,139112,C->T,TC,Clade2B
Node83,Node94,149926,G->A,GA,Clade2B
Node83,Node94,178854,G->A,GA,Clade2B
Node64,MASK_unpub|TRM278|Nigeria|Imo|2022-09-20,70217,G->A,GA,Clade2B
Node64,MASK_unpub|TRM278|Nigeria|Imo|2022-09-20,97200,C->T,TC,Clade2B
Node64,MASK_unpub|TRM278|Nigeria|Imo|2022-09-20,106719,G->A,GA,Clade2B
Node64,MASK_unpub|TRM278|Nigeria|Imo|2022-09-20,121273,C->T,TC,Clade2B
Node64,MASK_unpub|TRM278|Nigeria|Imo|2022-09-20,147512,C->T,TC,Clade2B
Node64,Node75,14708,G->A,GA,Clade2B
Node64,Node75,60726,C->T,TC,Clade2B
Node64,Node75,162544,G->A,GA,Clade2B
Node75,Node76,66408,G->A,GA,Clade2B
Node76,MASK_unpub|TRM286|Nigeria|Anambra|2022-09-12,103694,G->A,GA,Clade2B
Node76,MASK_unpub|TRM342|Nigeria|Anambra|2022-10-14,42855,C->T,TC,Clade2B
Node76,MASK_unpub|TRM342|Nigeria|Anambra|2022-10-14,109627,C->A,,Clade2B
Node75,MASK_unpub|TRM357|Nigeria|Plateau|2022-09-12,45605,C->T,TC,Clade2B
Node64,MASK_unpub|TRM316|Nigeria|Bayelsa|2022-09-19,3104,G->A,GA,Clade2B
Node64,MASK_unpub|TRM316|Nigeria|Bayelsa|2022-09-19,5433,C->T,TC,Clade2B
Node64,MASK_unpub|TRM316|Nigeria|Bayelsa|2022-09-19,6813,C->T,TC,Clade2B
Node64,MASK_unpub|TRM316|Nigeria|Bayelsa|2022-09-19,49257,G->A,GA,Clade2B
Node64,MASK_unpub|TRM316|Nigeria|Bayelsa|2022-09-19,63228,G->A,GA,Clade2B
Node64,MASK_unpub|TRM316|Nigeria|Bayelsa|2022-09-19,67405,G->T,,Clade2B
Node64,MASK_unpub|TRM316|Nigeria|Bayelsa|2022-09-19,95852,G->A,GA,Clade2B
Node64,MASK_unpub|TRM316|Nigeria|Bayelsa|2022-09-19,153090,G->A,GA,Clade2B
Node64,MASK_unpub|TRM316|Nigeria|Bayelsa|2022-09-19,178676,G->A,GA,Clade2B
Node64,MASK_unpub|TRM316|Nigeria|Bayelsa|2022-09-19,181449,G->A,GA,Clade2B
Node64,MASK_unpub|TRM317|Nigeria|Imo|2022-09-17,49417,A->G,,Clade2B
Node64,MASK_unpub|TRM317|Nigeria|Imo|2022-09-17,68308,G->A,GA,Clade2B
Node64,MASK_unpub|TRM317|Nigeria|Imo|2022-09-17,70874,G->A,GA,Clade2B
Node64,MASK_unpub|TRM317|Nigeria|Imo|2022-09-17,168132,G->A,GA,Clade2B
Node64,Node77,15311,C->T,TC,Clade2B
Node77,Node78,3818,C->T,TC,Clade2B
Node77,Node78,57059,C->T,TC,Clade2B
Node77,Node78,74880,G->A,GA,Clade2B
Node77,Node78,154011,C->T,AC,Clade2B
Node78,MASK_unpub|VSP201|Nigeria|Akwa-Ibom|2023-02-21,18616,G->A,GA,Clade2B
Node78,MASK_unpub|VSP201|Nigeria|Akwa-Ibom|2023-02-21,79011,G->A,GA,Clade2B
Node78,MASK_unpub|VSP201|Nigeria|Akwa-Ibom|2023-02-21,91439,G->A,GA,Clade2B
Node78,Node81,151185,G->A,GA,Clade2B
Node81,MASK_unpub|VSP209|Nigeria|Abia|2023-03-20,98456,G->A,GA,Clade2B
Node81,MASK_unpub|VSP213|Nigeria|Rivers|2023-05-16,73239,G->A,GA,Clade2B
Node81,MASK_unpub|VSP213|Nigeria|Rivers|2023-05-16,80872,C->T,TC,Clade2B
Node81,MASK_unpub|VSP213|Nigeria|Rivers|2023-05-16,145506,C->T,TC,Clade2B
Node78,MASK_unpub|VSP212|Nigeria|Imo|2023-04-17,5661,C->T,TC,Clade2B
Node78,MASK_unpub|VSP212|Nigeria|Imo|2023-04-17,10627,C->T,TC,Clade2B
Node78,MASK_unpub|VSP212|Nigeria|Imo|2023-04-17,145172,G->A,GA,Clade2B
Node77,MASK_unpub|VSP204|Nigeria|Rivers|2023-03-03,15004,C->T,TC,Clade2B
Node77,MASK_unpub|VSP204|Nigeria|Rivers|2023-03-03,43944,C->T,TC,Clade2B
Node77,MASK_unpub|VSP204|Nigeria|Rivers|2023-03-03,54713,G->A,GA,Clade2B
Node77,MASK_unpub|VSP204|Nigeria|Rivers|2023-03-03,61689,C->T,TC,Clade2B
Node77,MASK_unpub|VSP204|Nigeria|Rivers|2023-03-03,67261,G->A,GA,Clade2B
Node77,MASK_unpub|VSP204|Nigeria|Rivers|2023-03-03,92245,C->T,TC,Clade2B
Node77,MASK_unpub|VSP204|Nigeria|Rivers|2023-03-03,186458,G->A,GA,Clade2B
Node60,Node96,103682,C->T,TC,Clade2B
Node96,Node97,25661,G->A,GA,Clade2B
Node96,Node97,127008,C->A,,Clade2B
Node96,Node97,161575,G->A,GA,Clade2B
Node97,Node98,96778,G->A,GA,Clade2B
Node97,Node98,99930,G->A,GA,Clade2B
Node98,MASK_unpub|TRM081|Nigeria|Bayelsa|2022-10-21,33965,G->A,GA,Clade2B
Node98,MASK_unpub|TRM081|Nigeria|Bayelsa|2022-10-21,84650,C->T,TC,Clade2B
Node98,MASK_unpub|VSP207|Nigeria|Bayelsa|2023-03-14,2572,C->T,TC,Clade2B
Node98,MASK_unpub|VSP207|Nigeria|Bayelsa|2023-03-14,9596,G->A,GA,Clade2B
Node98,MASK_unpub|VSP207|Nigeria|Bayelsa|2023-03-14,12808,G->A,GA,Clade2B
Node98,MASK_unpub|VSP207|Nigeria|Bayelsa|2023-03-14,40784,C->T,TC,Clade2B
Node98,MASK_unpub|VSP207|Nigeria|Bayelsa|2023-03-14,48036,G->A,GA,Clade2B
Node98,MASK_unpub|VSP207|Nigeria|Bayelsa|2023-03-14,52112,C->T,TC,Clade2B
Node98,MASK_unpub|VSP207|Nigeria|Bayelsa|2023-03-14,132845,C->T,TC,Clade2B
Node98,MASK_unpub|VSP207|Nigeria|Bayelsa|2023-03-14,168305,G->A,GA,Clade2B
Node97,MASK_unpub|TRM324|Nigeria|Bayelsa|2022-10-30,149735,G->A,GA,Clade2B
Node97,MASK_unpub|VSP188|Nigeria|Bayelsa|2022-12-26,5208,C->T,TC,Clade2B
Node97,MASK_unpub|VSP188|Nigeria|Bayelsa|2022-12-26,56588,G->A,GA,Clade2B
Node97,MASK_unpub|VSP188|Nigeria|Bayelsa|2022-12-26,64437,C->T,TC,Clade2B
Node96,Node102,167673,G->A,GA,Clade2B
Node102,Node103,2543,G->A,GA,Clade2B
Node103,Node104,151561,C->T,AC,Clade2B
Node104,Node107,78969,G->A,GG,Clade2B
Node107,MASK_unpub|TRM359|Nigeria|Anambra|2022-09-27,108965,C->T,TC,Clade2B
Node107,MASK_unpub|TRM359|Nigeria|Anambra|2022-09-27,109627,C->A,,Clade2B
Node107,MASK_unpub|TRM359|Nigeria|Anambra|2022-09-27,137128,G->A,GA,Clade2B
Node107,MASK_unpub|TRM359|Nigeria|Anambra|2022-09-27,153148,G->A,GA,Clade2B
Node103,MASK_unpub|TRM330|Nigeria|Ebonyi|2022,105371,C->T,TC,Clade2B
Node103,MASK_unpub|TRM330|Nigeria|Ebonyi|2022,159023,G->A,GA,Clade2B
Node103,MASK_unpub|TRM330|Nigeria|Ebonyi|2022,161955,C->T,AC,Clade2B
Node102,Node108,43673,C->T,TC,Clade2B
Node102,Node108,109149,G->A,GA,Clade2B
Node102,Node108,120903,G->A,GA,Clade2B
Node102,Node108,123965,G->A,GA,Clade2B
Node102,Node108,139828,G->A,GA,Clade2B
Node108,MASK_unpub|TRM336|Nigeria|FCT|2022-09-23,136573,G->A,GA,Clade2B
Node108,MASK_unpub|TRM336|Nigeria|FCT|2022-09-23,162969,G->A,GA,Clade2B
Node108,MASK_unpub|VSP206|Nigeria|Niger|2023-03-15,77076,G->A,GA,Clade2B
Node108,MASK_unpub|VSP206|Nigeria|Niger|2023-03-15,175471,G->A,GA,Clade2B
Node60,MASK_unpub|TRM277|Nigeria|FCT|2022-09-30,28048,C->T,TC,Clade2B
Node60,MASK_unpub|TRM277|Nigeria|FCT|2022-09-30,40825,G->A,GA,Clade2B
Node60,MASK_unpub|TRM277|Nigeria|FCT|2022-09-30,50163,C->T,TC,Clade2B
Node60,MASK_unpub|TRM277|Nigeria|FCT|2022-09-30,56390,C->T,TC,Clade2B
Node60,MASK_unpub|TRM277|Nigeria|FCT|2022-09-30,133955,C->T,TC,Clade2B
Node60,MASK_unpub|TRM277|Nigeria|FCT|2022-09-30,138584,G->A,GA,Clade2B
Node60,MASK_unpub|TRM277|Nigeria|FCT|2022-09-30,168680,G->A,GA,Clade2B
Node60,MASK_unpub|TRM277|Nigeria|FCT|2022-09-30,176421,G->A,GA,Clade2B
Node60,MASK_unpub|TRM277|Nigeria|FCT|2022-09-30,188956,G->A,GA,Clade2B
Node60,Node110,18099,C->T,TC,Clade2B
Node60,Node110,166700,C->T,TC,Clade2B
Node60,Node110,189276,C->T,TC,Clade2B
Node110,Node111,53140,G->A,GA,Clade2B
Node111,MASK_unpub|TRM360|Nigeria|Kaduna|2022-09-17,175934,G->A,GA,Clade2B
Node111,MASK_unpub|VSP193|Nigeria|Borno|2023-01-08,64404,C->T,TC,Clade2B
Node111,MASK_unpub|VSP193|Nigeria|Borno|2023-01-08,124020,T->A,,Clade2B
Node111,MASK_unpub|VSP193|Nigeria|Borno|2023-01-08,156181,G->A,GA,Clade2B
Node111,MASK_unpub|VSP193|Nigeria|Borno|2023-01-08,166824,A->C,,Clade2B
Node59,Node112,22271,G->A,GA,Clade2B
Node59,Node112,25659,C->T,TC,Clade2B
Node59,Node112,48045,G->A,GA,Clade2B
Node59,Node112,80708,C->T,TC,Clade2B
Node59,Node112,98533,C->T,TC,Clade2B
Node59,Node112,101132,G->A,GA,Clade2B
Node59,Node112,108955,G->T,,Clade2B
Node59,Node112,119109,G->A,GC,Clade2B
Node59,Node112,156358,G->A,GA,Clade2B
Node59,Node112,162535,C->A,,Clade2B
Node59,Node112,176495,C->T,TC,Clade2B
Node59,Node112,189777,G->A,GA,Clade2B
Node112,MASK_unpub|VSP192|Nigeria|Akwa-Ibom|2023-01-08,34432,C->T,TC,Clade2B
Node112,MASK_unpub|VSP192|Nigeria|Akwa-Ibom|2023-01-08,73767,C->T,TC,Clade2B
Node112,MASK_unpub|VSP192|Nigeria|Akwa-Ibom|2023-01-08,158283,C->T,TC,Clade2B
Node112,MASK_unpub|VSP192|Nigeria|Akwa-Ibom|2023-01-08,172445,G->A,GA,Clade2B
Node24,Node115,11948,G->A,GA,Clade2B
Node24,Node115,14790,C->T,TC,Clade2B
Node24,Node115,21991,G->A,GA,Clade2B
Node24,Node115,57786,G->A,GA,Clade2B
Node24,Node115,93312,G->A,GT,Clade2B
Node24,Node115,103019,C->T,TC,Clade2B
Node24,Node115,112470,C->T,TC,Clade2B
Node24,Node115,124129,C->T,TC,Clade2B
Node24,Node115,127906,C->T,TC,Clade2B
Node24,Node115,135303,G->A,GA,Clade2B
Node24,Node115,145902,G->A,GT,Clade2B
Node24,Node115,149365,C->T,CC,Clade2B
Node24,Node115,158424,G->A,GA,Clade2B
Node24,Node115,186984,G->A,GA,Clade2B
Node115,Node116,23118,G->A,GA,Clade2B
Node115,Node116,38923,G->A,GA,Clade2B
Node115,Node116,39515,G->A,GA,Clade2B
Node115,Node116,56546,G->A,GA,Clade2B
Node115,Node116,155611,G->A,GA,Clade2B
Node115,Node116,162640,G->A,GG,Clade2B
Node116,Node119,13686,C->T,TC,Clade2B
Node116,Node119,151112,G->A,GA,Clade2B
Node116,Node119,174721,G->A,GC,Clade2B
Node116,Node119,188491,C->T,TC,Clade2B
Node119,Node120,59282,G->A,GA,Clade2B
Node119,Node120,65743,C->A,,Clade2B
Node119,Node120,85356,G->A,GA,Clade2B
Node120,OP331336|9000166|UK|2022-06-29,21861,C->T,TC,Clade2B
Node120,OP331336|9000166|UK|2022-06-29,27826,C->T,TC,Clade2B
Node120,Node121,3818,C->T,TC,Clade2B
Node120,Node121,34432,C->T,TC,Clade2B
Node120,Node121,102694,G->A,GA,Clade2B
Node119,Node122,129982,G->A,GA,Clade2B
Node119,Node122,148895,C->A,,Clade2B
Node122,OR113690|MUW1607960|Austria_ex_Nigeria|2023-04-05,18102,C->T,TC,Clade2B
Node122,OR113690|MUW1607960|Austria_ex_Nigeria|2023-04-05,52429,C->T,TC,Clade2B
Node122,OR113690|MUW1607960|Austria_ex_Nigeria|2023-04-05,86957,C->T,TC,Clade2B
Node122,OR113690|MUW1607960|Austria_ex_Nigeria|2023-04-05,97318,G->A,GA,Clade2B
Node122,OR113690|MUW1607960|Austria_ex_Nigeria|2023-04-05,121394,C->T,TC,Clade2B
Node122,OR113690|MUW1607960|Austria_ex_Nigeria|2023-04-05,146714,G->A,GC,Clade2B
Node122,OR113690|MUW1607960|Austria_ex_Nigeria|2023-04-05,165892,G->A,GA,Clade2B
Node122,OR113690|MUW1607960|Austria_ex_Nigeria|2023-04-05,175471,G->A,GA,Clade2B
Node122,MASK_unpub|TRM328|Nigeria|Lagos|2022-09-16,25115,G->A,GA,Clade2B
Node122,MASK_unpub|TRM328|Nigeria|Lagos|2022-09-16,49056,G->A,GA,Clade2B
Node122,MASK_unpub|TRM328|Nigeria|Lagos|2022-09-16,128267,C->T,TC,Clade2B
Node122,MASK_unpub|TRM350|Nigeria|Lagos|2022-09-30,25432,T->G,,Clade2B
Node116,Node125,20581,C->T,TC,Clade2B
Node116,Node125,94479,G->A,GA,Clade2B
Node125,Node126,20576,G->A,GA,Clade2B
Node126,Node127,133402,C->T,TC,Clade2B
Node127,OP450997|PA0016|USA|2022-07,451,G->A,GA,Clade2B
Node127,OP450997|PA0016|USA|2022-07,67351,G->A,GA,Clade2B
Node127,OP450997|PA0016|USA|2022-07,78259,G->A,GT,Clade2B
Node127,OP450997|PA0016|USA|2022-07,176148,C->T,TC,Clade2B
Node127,MASK_unpub|TRM322|Nigeria|Nasarawa|2022-10-13,18243,C->T,TC,Clade2B
Node127,MASK_unpub|TRM322|Nigeria|Nasarawa|2022-10-13,25611,C->T,TC,Clade2B
Node127,MASK_unpub|TRM322|Nigeria|Nasarawa|2022-10-13,30681,G->A,GA,Clade2B
Node127,MASK_unpub|TRM322|Nigeria|Nasarawa|2022-10-13,46402,G->A,GA,Clade2B
Node127,MASK_unpub|TRM322|Nigeria|Nasarawa|2022-10-13,89571,G->A,GA,Clade2B
Node127,MASK_unpub|TRM322|Nigeria|Nasarawa|2022-10-13,103328,A->G,,Clade2B
Node127,MASK_unpub|TRM322|Nigeria|Nasarawa|2022-10-13,111084,G->A,GA,Clade2B
Node127,MASK_unpub|TRM322|Nigeria|Nasarawa|2022-10-13,156333,G->A,GT,Clade2B
Node126,Node128,26310,C->T,TC,Clade2B
Node126,Node128,133390,C->T,TC,Clade2B
Node126,Node128,162233,C->T,TC,Clade2B
Node126,Node128,170573,C->T,TC,Clade2B
Node125,MASK_unpub|TRM082|Nigeria|Nasarawa|2022-11-01,6117,G->A,GA,Clade2B
Node125,MASK_unpub|TRM082|Nigeria|Nasarawa|2022-11-01,84603,C->T,TC,Clade2B
Node125,MASK_unpub|TRM082|Nigeria|Nasarawa|2022-11-01,86648,G->A,GA,Clade2B
Node125,MASK_unpub|TRM082|Nigeria|Nasarawa|2022-11-01,96321,C->T,TC,Clade2B
Node125,MASK_unpub|TRM082|Nigeria|Nasarawa|2022-11-01,105899,C->T,TC,Clade2B
Node125,MASK_unpub|TRM082|Nigeria|Nasarawa|2022-11-01,122889,C->T,AC,Clade2B
Node125,MASK_unpub|TRM082|Nigeria|Nasarawa|2022-11-01,131857,G->A,GA,Clade2B
Node125,MASK_unpub|TRM082|Nigeria|Nasarawa|2022-11-01,134496,C->T,TC,Clade2B
Node125,MASK_unpub|TRM082|Nigeria|Nasarawa|2022-11-01,140295,G->A,GT,Clade2B
Node125,MASK_unpub|TRM082|Nigeria|Nasarawa|2022-11-01,144007,C->T,TC,Clade2B
Node125,MASK_unpub|TRM082|Nigeria|Nasarawa|2022-11-01,173453,G->A,GA,Clade2B
Node125,MASK_unpub|TRM082|Nigeria|Nasarawa|2022-11-01,176271,G->A,GT,Clade2B
Node116,MASK_unpub|TRM302|Nigeria|Imo|2022-10-14,10595,G->A,GA,Clade2B
Node116,MASK_unpub|TRM302|Nigeria|Imo|2022-10-14,12574,C->T,TC,Clade2B
Node116,MASK_unpub|TRM302|Nigeria|Imo|2022-10-14,21920,G->A,GA,Clade2B
Node116,MASK_unpub|TRM302|Nigeria|Imo|2022-10-14,77641,C->T,TC,Clade2B
Node116,MASK_unpub|TRM302|Nigeria|Imo|2022-10-14,90214,G->A,GA,Clade2B
Node116,MASK_unpub|TRM302|Nigeria|Imo|2022-10-14,97476,G->A,GA,Clade2B
Node116,MASK_unpub|TRM302|Nigeria|Imo|2022-10-14,109627,C->A,,Clade2B
Node116,MASK_unpub|TRM302|Nigeria|Imo|2022-10-14,115288,C->T,TC,Clade2B
Node116,MASK_unpub|TRM302|Nigeria|Imo|2022-10-14,150800,G->A,GA,Clade2B
Node116,MASK_unpub|TRM302|Nigeria|Imo|2022-10-14,158638,C->T,TC,Clade2B
Node116,MASK_unpub|TRM302|Nigeria|Imo|2022-10-14,163303,G->A,GG,Clade2B
Node116,MASK_unpub|TRM334|Nigeria|Kano|2022-11-02,5177,G->A,GA,Clade2B
Node116,MASK_unpub|TRM334|Nigeria|Kano|2022-11-02,32643,C->T,TC,Clade2B
Node116,MASK_unpub|TRM334|Nigeria|Kano|2022-11-02,40992,G->A,GA,Clade2B
Node116,MASK_unpub|TRM334|Nigeria|Kano|2022-11-02,45050,C->T,TC,Clade2B
Node116,MASK_unpub|TRM334|Nigeria|Kano|2022-11-02,156429,C->T,TC,Clade2B
Node116,MASK_unpub|TRM334|Nigeria|Kano|2022-11-02,172501,G->A,GA,Clade2B
Node115,Node129,11880,C->T,TC,Clade2B
Node115,Node129,19676,G->A,GA,Clade2B
Node115,Node129,20913,G->A,GA,Clade2B
Node115,Node129,21359,C->T,AC,Clade2B
Node115,Node129,32868,G->A,GA,Clade2B
Node115,Node129,105471,G->A,GA,Clade2B
Node115,Node129,120580,G->A,GA,Clade2B
Node115,Node129,181830,G->A,GA,Clade2B
Node129,Node131,179817,G->A,GA,Clade2B
Node131,MASK_unpub|TRM310|Nigeria|Ogun|2022-09-30,160315,C->T,TC,Clade2B
Node131,MASK_unpub|TRM310|Nigeria|Ogun|2022-09-30,164671,C->T,TC,Clade2B
Node131,MASK_unpub|TRM318|Nigeria|Lagos|2022-09-22,141767,G->A,GA,Clade2B
Node131,MASK_unpub|TRM318|Nigeria|Lagos|2022-09-22,154460,G->A,GA,Clade2B
Node129,MASK_unpub|TRM326|Nigeria|Rivers|2022-09-27,4969,G->A,GA,Clade2B
Node129,MASK_unpub|TRM326|Nigeria|Rivers|2022-09-27,10173,C->T,TC,Clade2B
Node129,MASK_unpub|TRM326|Nigeria|Rivers|2022-09-27,63695,C->T,TC,Clade2B
Node129,MASK_unpub|TRM326|Nigeria|Rivers|2022-09-27,141173,G->A,GG,Clade2B
Node129,MASK_unpub|TRM362|Nigeria|Rivers|2022-10-14,36553,G->A,GA,Clade2B
Node129,MASK_unpub|TRM362|Nigeria|Rivers|2022-10-14,47032,C->T,TC,Clade2B
Node129,MASK_unpub|TRM362|Nigeria|Rivers|2022-10-14,60923,C->T,TC,Clade2B
Node129,Node134,14589,C->T,TC,Clade2B
Node129,Node134,94840,G->A,GA,Clade2B
Node129,Node134,97484,G->A,GA,Clade2B
Node129,Node134,137536,G->A,GA,Clade2B
Node129,Node134,151163,C->T,TC,Clade2B
Node129,Node134,151623,C->T,TC,Clade2B
Node129,Node134,184936,C->T,TC,Clade2B
Node129,Node134,187154,C->T,TC,Clade2B
Node24,OP612689|MPXV/111/19|Nigeria|2019-12-19,144876,G->A,GA,Clade2B
Node24,Node135,3093,G->A,GA,Clade2B
Node24,Node135,6376,G->A,GA,Clade2B
Node24,Node135,15390,C->T,TC,Clade2B
Node24,Node135,23353,C->T,TC,Clade2B
Node24,Node135,27661,G->A,GA,Clade2B
Node24,Node135,30539,C->T,TC,Clade2B
Node24,Node135,30588,G->A,GA,Clade2B
Node24,Node135,33544,C->T,TC,Clade2B
Node24,Node135,47078,G->A,GA,Clade2B
Node24,Node135,56644,C->T,TC,Clade2B
Node24,Node135,121997,G->A,GA,Clade2B
Node24,Node135,146609,G->A,GA,Clade2B
Node24,Node135,156437,C->T,TC,Clade2B
Node24,Node135,162936,C->T,TC,Clade2B
Node24,Node135,164886,G->A,GA,Clade2B
Node24,Node135,172348,G->A,GA,Clade2B
Node24,Node135,172354,C->T,TC,Clade2B
Node24,Node135,181806,C->T,TC,Clade2B
Node135,Node136,82704,G->A,GA,Clade2B
Node136,EPI_ISL_13983888|NIC_Phuket_74|Thailand_ex_Nigeria|2022-07-17,24824,C->T,TC,Clade2B
Node136,EPI_ISL_13983888|NIC_Phuket_74|Thailand_ex_Nigeria|2022-07-17,27403,C->T,TC,Clade2B
Node136,EPI_ISL_13983888|NIC_Phuket_74|Thailand_ex_Nigeria|2022-07-17,36214,G->A,GA,Clade2B
Node136,EPI_ISL_13983888|NIC_Phuket_74|Thailand_ex_Nigeria|2022-07-17,41161,C->T,TC,Clade2B
Node136,EPI_ISL_13983888|NIC_Phuket_74|Thailand_ex_Nigeria|2022-07-17,71766,G->A,GA,Clade2B
Node136,EPI_ISL_13983888|NIC_Phuket_74|Thailand_ex_Nigeria|2022-07-17,112712,C->T,TC,Clade2B
Node136,Node137,3648,G->A,GA,Clade2B
Node136,Node137,140418,C->T,TC,Clade2B
Node137,MASK_unpub|TRM284|Nigeria|Kaduna|2022-10-30,74065,C->T,TC,Clade2B
Node137,MASK_unpub|TRM284|Nigeria|Kaduna|2022-10-30,173834,G->A,GA,Clade2B
Node137,MASK_unpub|TRM325|Nigeria|Lagos|2022-09-14,85013,G->A,GA,Clade2B
Node137,MASK_unpub|TRM325|Nigeria|Lagos|2022-09-14,145384,C->T,TC,Clade2B
Node135,MASK_unpub|TRM312|Nigeria|Gombe|2022-10-08,34702,G->A,GA,Clade2B
Node135,MASK_unpub|TRM312|Nigeria|Gombe|2022-10-08,70190,G->A,GA,Clade2B
Node135,MASK_unpub|TRM312|Nigeria|Gombe|2022-10-08,109627,C->A,,Clade2B
Node135,MASK_unpub|TRM312|Nigeria|Gombe|2022-10-08,134651,G->A,GT,Clade2B
Node135,MASK_unpub|TRM312|Nigeria|Gombe|2022-10-08,173043,C->T,TC,Clade2B
Node23,OP535313|MPXV_5221|Nigeria|2018-01,40281,C->T,TC,Clade2B
Node23,OP535313|MPXV_5221|Nigeria|2018-01,85055,C->T,TC,Clade2B
Node23,OP535313|MPXV_5221|Nigeria|2018-01,151014,G->A,GA,Clade2B
Node23,OP535313|MPXV_5221|Nigeria|2018-01,156874,G->T,,Clade2B
Node23,OP535313|MPXV_5221|Nigeria|2018-01,156875,A->T,,Clade2B
Node23,OP535313|MPXV_5221|Nigeria|2018-01,156906,A->G,,Clade2B
Node23,OP535313|MPXV_5221|Nigeria|2018-01,156913,T->A,,Clade2B
Node23,OP535313|MPXV_5221|Nigeria|2018-01,156937,T->A,,Clade2B
Node23,OP535313|MPXV_5221|Nigeria|2018-01,157014,G->A,GA,Clade2B
Node23,OP535313|MPXV_5221|Nigeria|2018-01,157146,T->A,,Clade2B
Node23,OP535313|MPXV_5221|Nigeria|2018-01,158049,C->A,,Clade2B
Node5,Node168,23353,C->T,TC,Clade2B
Node5,Node168,27971,T->C,,Clade2B
Node5,Node168,51809,C->T,TC,Clade2B
Node5,Node168,61844,G->A,GA,Clade2B
Node5,Node168,69678,G->A,GA,Clade2B
Node5,Node168,84008,C->T,TC,Clade2B
Node5,Node168,96841,G->A,GA,Clade2B
Node5,Node168,100971,C->T,TC,Clade2B
Node5,Node168,125492,C->T,TC,Clade2B
Node5,Node168,128174,C->T,TC,Clade2B
Node5,Node168,134078,C->T,TC,Clade2B
Node5,Node168,151050,C->T,TC,Clade2B
Node5,Node168,188889,G->A,GA,Clade2B
Node168,MK783033|2920|Nigeria|2017-10-09,25731,C->T,TC,Clade2B
Node168,MK783033|2920|Nigeria|2017-10-09,25768,C->T,TC,Clade2B
Node168,MK783033|2920|Nigeria|2017-10-09,26020,C->T,TC,Clade2B
Node168,MK783033|2920|Nigeria|2017-10-09,102267,G->T,,Clade2B
Node168,MK783033|2920|Nigeria|2017-10-09,117099,C->T,TC,Clade2B
Node168,MK783033|2920|Nigeria|2017-10-09,129583,G->A,GA,Clade2B
Node168,MK783033|2920|Nigeria|2017-10-09,155707,C->T,AC,Clade2B
Node168,MK783033|2920|Nigeria|2017-10-09,161701,G->A,GT,Clade2B
Node168,Node169,56968,G->A,GA,Clade2B
Node168,Node169,187428,C->T,TC,Clade2B
Node169,Node170,27971,C->T,CC,Clade2B
Node169,Node170,92053,C->T,TC,Clade2B
Node169,Node170,123000,C->T,TC,Clade2B
Node169,Node170,146052,C->T,TC,Clade2B
Node169,Node170,150831,C->T,TC,Clade2B
Node169,Node170,151305,C->T,TC,Clade2B
Node170,Node171,18908,C->T,TC,Clade2B
Node170,Node171,36901,G->A,GA,Clade2B
Node170,Node171,75099,G->A,GA,Clade2B
Node170,Node171,75144,G->A,GA,Clade2B
Node170,Node171,115332,G->A,GA,Clade2B
Node170,Node171,122627,G->A,GT,Clade2B
Node170,Node171,168862,G->A,GA,Clade2B
Node170,Node171,174491,G->A,GA,Clade2B
Node170,Node171,176366,G->A,GG,Clade2B
Node170,Node171,177703,C->T,TC,Clade2B
Node171,Node172,18493,C->T,TC,Clade2B
Node171,Node172,21898,G->A,GA,Clade2B
Node171,Node172,25254,C->T,TC,Clade2B
Node171,Node172,29199,C->T,TC,Clade2B
Node171,Node172,44085,G->A,GA,Clade2B
Node171,Node172,76509,G->A,GA,Clade2B
Node171,Node172,87659,C->T,TC,Clade2B
Node171,Node172,115572,C->T,TC,Clade2B
Node171,Node172,140739,C->T,TC,Clade2B
Node171,Node172,151519,G->T,,Clade2B
Node171,Node172,151875,G->A,GA,Clade2B
Node171,Node172,160008,C->T,TC,Clade2B
Node171,Node172,160312,C->T,TC,Clade2B
Node172,Node173,2930,C->T,TC,Clade2B
Node172,Node173,23626,G->A,GA,Clade2B
Node172,Node173,63034,G->A,GA,Clade2B
Node172,Node173,128771,C->T,TC,Clade2B
Node172,Node173,165130,G->A,GA,Clade2B
Node172,Node173,176289,G->A,GC,Clade2B
Node173,MASK_unpub|TRM308|Nigeria|FCT|2022-10-02,32440,C->T,GC,Clade2B
Node173,MASK_unpub|TRM308|Nigeria|FCT|2022-10-02,145839,G->T,,Clade2B
Node173,MASK_unpub|TRM308|Nigeria|FCT|2022-10-02,179610,C->T,TC,Clade2B
Node172,MASK_unpub|TRM281|Nigeria|Imo|2022-10-11,10725,C->T,AC,Clade2B
Node172,MASK_unpub|TRM281|Nigeria|Imo|2022-10-11,24218,G->A,GA,Clade2B
Node172,MASK_unpub|TRM281|Nigeria|Imo|2022-10-11,52033,C->T,TC,Clade2B
Node172,MASK_unpub|TRM281|Nigeria|Imo|2022-10-11,69988,C->T,TC,Clade2B
Node172,MASK_unpub|TRM281|Nigeria|Imo|2022-10-11,75614,G->A,GA,Clade2B
Node172,MASK_unpub|TRM281|Nigeria|Imo|2022-10-11,77094,C->T,TC,Clade2B
Node172,MASK_unpub|TRM281|Nigeria|Imo|2022-10-11,83363,C->T,TC,Clade2B
Node172,MASK_unpub|TRM281|Nigeria|Imo|2022-10-11,104840,C->T,TC,Clade2B
Node172,MASK_unpub|TRM281|Nigeria|Imo|2022-10-11,154098,G->A,GA,Clade2B
Node172,MASK_unpub|TRM281|Nigeria|Imo|2022-10-11,154538,C->T,TC,Clade2B
Node172,MASK_unpub|TRM281|Nigeria|Imo|2022-10-11,172709,C->T,TC,Clade2B
Node172,MASK_unpub|TRM281|Nigeria|Imo|2022-10-11,178976,G->A,GG,Clade2B
Node171,Node174,30145,C->T,TC,Clade2B
Node171,Node174,145285,C->T,TC,Clade2B
Node174,Node175,7527,G->A,GA,Clade2B
Node174,Node175,81503,G->A,GA,Clade2B
Node174,Node175,107090,C->T,TC,Clade2B
Node174,Node175,113887,G->T,,Clade2B
Node174,Node175,132354,G->A,GA,Clade2B
Node174,Node175,166467,C->T,TC,Clade2B
Node174,Node175,182677,G->A,GA,Clade2B
Node175,Node176,12328,G->A,GA,Clade2B
Node176,MASK_unpub|TRM293|Nigeria|Ebonyi|2022,180926,C->T,TC,Clade2B
Node175,Node178,25479,G->A,GA,Clade2B
Node175,Node178,30817,G->A,GA,Clade2B
Node175,Node178,105156,T->C,,Clade2B
Node178,MASK_unpub|TRM344|Nigeria|Edo|2022-10-26,73476,C->T,GC,Clade2B
Node178,MASK_unpub|TRM344|Nigeria|Edo|2022-10-26,109627,C->A,,Clade2B
Node178,MASK_unpub|TRM344|Nigeria|Edo|2022-10-26,162590,C->T,TC,Clade2B
Node178,MASK_unpub|VSP195|Nigeria|Imo|2022,68647,A->G,,Clade2B
Node174,MASK_unpub|TRM365|Nigeria|Ogun|2022-09-14,768,G->A,GT,Clade2B
Node174,MASK_unpub|TRM365|Nigeria|Ogun|2022-09-14,879,C->T,TC,Clade2B
Node174,MASK_unpub|TRM365|Nigeria|Ogun|2022-09-14,6039,G->A,GA,Clade2B
Node174,MASK_unpub|TRM365|Nigeria|Ogun|2022-09-14,13725,C->T,TC,Clade2B
Node174,MASK_unpub|TRM365|Nigeria|Ogun|2022-09-14,22179,C->T,TC,Clade2B
Node174,MASK_unpub|TRM365|Nigeria|Ogun|2022-09-14,33550,G->A,GA,Clade2B
Node174,MASK_unpub|TRM365|Nigeria|Ogun|2022-09-14,84351,G->A,GA,Clade2B
Node174,MASK_unpub|TRM365|Nigeria|Ogun|2022-09-14,86766,G->A,GA,Clade2B
Node174,MASK_unpub|TRM365|Nigeria|Ogun|2022-09-14,90214,G->A,GA,Clade2B
Node174,MASK_unpub|TRM365|Nigeria|Ogun|2022-09-14,102694,G->A,GA,Clade2B
Node174,MASK_unpub|TRM365|Nigeria|Ogun|2022-09-14,109627,C->A,,Clade2B
Node174,MASK_unpub|TRM365|Nigeria|Ogun|2022-09-14,136035,C->T,TC,Clade2B
Node174,MASK_unpub|TRM365|Nigeria|Ogun|2022-09-14,162743,C->T,TC,Clade2B
Node174,MASK_unpub|TRM365|Nigeria|Ogun|2022-09-14,173049,C->T,TC,Clade2B
Node174,MASK_unpub|TRM365|Nigeria|Ogun|2022-09-14,179023,G->A,GA,Clade2B
Node170,OP612677|MPXV/015/19|Nigeria|2019-03-14,56351,C->T,TC,Clade2B
Node170,OP612677|MPXV/015/19|Nigeria|2019-03-14,74032,G->A,GC,Clade2B
Node170,OP612677|MPXV/015/19|Nigeria|2019-03-14,190782,G->A,GA,Clade2B
Node5,Node153,23564,C->T,TC,Clade2B
Node5,Node153,72362,C->T,TC,Clade2B
Node5,Node153,83326,C->T,TC,Clade2B
Node5,Node153,87230,G->A,GA,Clade2B
Node5,Node153,87297,G->A,GA,Clade2B
Node5,Node153,91728,G->A,GA,Clade2B
Node5,Node153,119296,C->T,TC,Clade2B
Node5,Node153,121320,C->T,GC,Clade2B
Node5,Node153,125249,G->A,GA,Clade2B
Node5,Node153,148412,G->A,GA,Clade2B
Node5,Node153,164832,C->T,TC,Clade2B
Node5,Node153,168120,C->T,TC,Clade2B
Node5,Node153,187428,C->T,TC,Clade2B
Node153,MN648051|Israel_2018|Israel_ex_Nigeria|2018-10-04,8772,C->T,TC,Clade2B
Node153,MN648051|Israel_2018|Israel_ex_Nigeria|2018-10-04,91363,C->T,CC,Clade2B
Node153,MN648051|Israel_2018|Israel_ex_Nigeria|2018-10-04,147593,A->T,,Clade2B
Node153,MN648051|Israel_2018|Israel_ex_Nigeria|2018-10-04,177273,G->A,GA,Clade2B
Node153,Node157,151929,G->A,GA,Clade2B
Node157,Node158,39767,C->T,TC,Clade2B
Node158,MT250197|Singapore_2019|Singapore_ex_Nigeria|2019-05-08,3450,A->G,,Clade2B
Node158,MT250197|Singapore_2019|Singapore_ex_Nigeria|2019-05-08,170573,C->T,TC,Clade2B
Node157,OP612683|MPXV/042/19|Nigeria|2019-04-29,81523,G->A,GC,Clade2B
Node157,OP612683|MPXV/042/19|Nigeria|2019-04-29,141757,C->T,TC,Clade2B
Node153,MT903341|MPXV-M5320_M15|Nigeria|2018-08-14,11727,C->T,TC,Clade2B
Node153,MT903341|MPXV-M5320_M15|Nigeria|2018-08-14,39139,C->T,TC,Clade2B
Node153,MT903343|MPXV-UK_P1|UK_ex_Nigeria|2018-09-07,28838,G->A,GC,Clade2B
Node153,MT903343|MPXV-UK_P1|UK_ex_Nigeria|2018-09-07,92349,G->A,GA,Clade2B
Node153,MT903343|MPXV-UK_P1|UK_ex_Nigeria|2018-09-07,188494,G->A,GG,Clade2B
Node153,Node162,25661,G->A,GA,Clade2B
Node153,Node162,39119,C->T,TC,Clade2B
Node162,Node163,162243,G->A,GA,Clade2B
Node163,Node164,1262,G->A,GA,Clade2B
Node163,Node164,3818,C->T,TC,Clade2B
Node163,Node164,124130,G->A,GA,Clade2B
Node163,Node164,128698,C->T,TC,Clade2B
Node164,Node165,81275,G->A,GA,Clade2B
Node165,ON563414|MA001|USA|2022-05-19,2591,G->A,GA,Clade2B
Node165,ON563414|MA001|USA|2022-05-19,3111,G->A,GA,Clade2B
Node165,ON563414|MA001|USA|2022-05-19,3522,G->A,GA,Clade2B
Node165,ON563414|MA001|USA|2022-05-19,7771,C->T,TC,Clade2B
Node165,ON563414|MA001|USA|2022-05-19,14000,G->T,,Clade2B
Node165,ON563414|MA001|USA|2022-05-19,15428,G->A,GA,Clade2B
Node165,ON563414|MA001|USA|2022-05-19,21723,G->A,GA,Clade2B
Node165,ON563414|MA001|USA|2022-05-19,30367,G->A,GA,Clade2B
Node165,ON563414|MA001|USA|2022-05-19,31053,G->A,GA,Clade2B
Node165,ON563414|MA001|USA|2022-05-19,34459,G->A,GA,Clade2B
Node165,ON563414|MA001|USA|2022-05-19,37202,G->A,GA,Clade2B
Node165,ON563414|MA001|USA|2022-05-19,38360,G->A,GA,Clade2B
Node165,ON563414|MA001|USA|2022-05-19,38662,C->T,TC,Clade2B
Node165,ON563414|MA001|USA|2022-05-19,39139,C->T,TC,Clade2B
Node165,ON563414|MA001|USA|2022-05-19,52885,G->A,GA,Clade2B
Node165,ON563414|MA001|USA|2022-05-19,54117,G->A,GA,Clade2B
Node165,ON563414|MA001|USA|2022-05-19,54635,G->A,GA,Clade2B
Node165,ON563414|MA001|USA|2022-05-19,64297,G->A,GA,Clade2B
Node165,ON563414|MA001|USA|2022-05-19,73066,C->T,TC,Clade2B
Node165,ON563414|MA001|USA|2022-05-19,73239,G->A,GA,Clade2B
Node165,ON563414|MA001|USA|2022-05-19,74205,G->A,GA,Clade2B
Node165,ON563414|MA001|USA|2022-05-19,77383,G->A,GA,Clade2B
Node165,ON563414|MA001|USA|2022-05-19,82373,C->T,TC,Clade2B
Node165,ON563414|MA001|USA|2022-05-19,82451,G->A,GA,Clade2B
Node165,ON563414|MA001|USA|2022-05-19,84587,C->T,TC,Clade2B
Node165,ON563414|MA001|USA|2022-05-19,95034,G->A,GC,Clade2B
Node165,ON563414|MA001|USA|2022-05-19,124674,G->A,GA,Clade2B
Node165,ON563414|MA001|USA|2022-05-19,150469,C->T,TC,Clade2B
Node165,ON563414|MA001|USA|2022-05-19,151461,A->C,,Clade2B
Node165,ON563414|MA001|USA|2022-05-19,155795,G->A,GG,Clade2B
Node165,ON563414|MA001|USA|2022-05-19,162331,C->T,TC,Clade2B
Node165,ON563414|MA001|USA|2022-05-19,170262,G->A,GG,Clade2B
Node165,ON563414|MA001|USA|2022-05-19,178133,G->A,GA,Clade2B
Node165,ON563414|MA001|USA|2022-05-19,181980,G->A,GA,Clade2B
Node165,ON563414|MA001|USA|2022-05-19,183519,C->T,TC,Clade2B
Node165,ON563414|MA001|USA|2022-05-19,186578,G->A,GA,Clade2B
Node165,OP612686|MPXV/053/19|Nigeria|2019-07-01,88640,G->A,GA,Clade2B
Node164,OP612687|MPXV/058/19|Nigeria|2019-08-19,756,C->T,TC,Clade2B
Node164,OP612687|MPXV/058/19|Nigeria|2019-08-19,2039,G->A,GA,Clade2B
Node164,OP612687|MPXV/058/19|Nigeria|2019-08-19,168365,G->A,GA,Clade2B
Node164,OP612687|MPXV/058/19|Nigeria|2019-08-19,188605,C->A,,Clade2B
Node164,OP612687|MPXV/058/19|Nigeria|2019-08-19,188606,A->C,,Clade2B
Node164,OP612687|MPXV/058/19|Nigeria|2019-08-19,188607,G->A,GC,Clade2B
Node162,OP612679|MPXV/018/19|Nigeria|2019-03-18,8500,C->T,TC,Clade2B
Node162,OP612679|MPXV/018/19|Nigeria|2019-03-18,79538,G->A,GA,Clade2B
Node162,OP612679|MPXV/018/19|Nigeria|2019-03-18,81354,G->A,GA,Clade2B
Node162,OP612679|MPXV/018/19|Nigeria|2019-03-18,84416,G->A,GA,Clade2B
Node162,OP612679|MPXV/018/19|Nigeria|2019-03-18,88736,C->T,TC,Clade2B
Node162,OP612679|MPXV/018/19|Nigeria|2019-03-18,100642,G->A,GA,Clade2B
Node162,OP612679|MPXV/018/19|Nigeria|2019-03-18,138791,C->T,TC,Clade2B
Node162,OP612679|MPXV/018/19|Nigeria|2019-03-18,161616,C->T,TC,Clade2B
Node153,OP612674|MPXV/003/19|Nigeria|2019-01-16,11555,C->T,TC,Clade2B
Node153,OP612674|MPXV/003/19|Nigeria|2019-01-16,28645,G->A,GA,Clade2B
Node153,OP612674|MPXV/003/19|Nigeria|2019-01-16,75967,G->A,GC,Clade2B
Node153,OP612674|MPXV/003/19|Nigeria|2019-01-16,94840,G->A,GA,Clade2B
Node153,OP612674|MPXV/003/19|Nigeria|2019-01-16,188503,C->T,TC,Clade2B
Node153,OP612681|MPXV/039/19|Nigeria|2019-04-29,1231,A->G,,Clade2B
Node153,OP612681|MPXV/039/19|Nigeria|2019-04-29,22971,G->A,GA,Clade2B
Node153,OP612681|MPXV/039/19|Nigeria|2019-04-29,23711,G->A,GA,Clade2B
Node153,OP612681|MPXV/039/19|Nigeria|2019-04-29,33177,G->A,GA,Clade2B
Node153,OP612681|MPXV/039/19|Nigeria|2019-04-29,77635,G->A,GA,Clade2B
Node153,OP612681|MPXV/039/19|Nigeria|2019-04-29,83496,C->T,TC,Clade2B
Node153,OP612681|MPXV/039/19|Nigeria|2019-04-29,90945,C->T,TC,Clade2B
Node153,OP612681|MPXV/039/19|Nigeria|2019-04-29,138571,G->A,GT,Clade2B
Node153,Node160,1126,G->A,GA,Clade2B
Node153,Node160,2039,G->A,GA,Clade2B
Node160,OP612682|MPXV/040/19|Nigeria|2019-04-29,69017,C->T,TC,Clade2B
Node160,OP612682|MPXV/040/19|Nigeria|2019-04-29,150406,C->T,AC,Clade2B
Node160,OP612682|MPXV/040/19|Nigeria|2019-04-29,182196,G->A,GA,Clade2B
Node160,OP612688|MPXV/104/19|Nigeria|2019-11-16,2152,G->A,GG,Clade2B
Node160,OP612688|MPXV/104/19|Nigeria|2019-11-16,6948,C->T,TC,Clade2B
Node160,OP612688|MPXV/104/19|Nigeria|2019-11-16,47224,C->T,TC,Clade2B
Node160,OP612688|MPXV/104/19|Nigeria|2019-11-16,77726,C->T,TC,Clade2B
Node160,OP612688|MPXV/104/19|Nigeria|2019-11-16,143845,C->T,TC,Clade2B
Node160,OP612688|MPXV/104/19|Nigeria|2019-11-16,152431,G->A,GA,Clade2B
Node160,OP612688|MPXV/104/19|Nigeria|2019-11-16,166786,C->T,TC,Clade2B
Node160,OP612688|MPXV/104/19|Nigeria|2019-11-16,184037,G->T,,Clade2B
Node160,OP612688|MPXV/104/19|Nigeria|2019-11-16,184535,C->T,TC,Clade2B
Node5,Node180,51559,G->A,GA,Clade2B
Node5,Node180,60923,C->T,TC,Clade2B
Node5,Node180,179884,G->A,GA,Clade2B
Node180,MT903339|MPXV-M3021|Nigeria|2018,138584,G->A,GA,Clade2B
Node180,Node183,101683,C->T,TC,Clade2B
Node180,Node183,127245,C->T,TC,Clade2B
Node180,Node183,178814,G->A,GA,Clade2B
Node180,Node183,178988,G->A,GA,Clade2B
Node183,Node184,157149,T->A,,Clade2B
Node183,Node184,158506,T->G,,Clade2B
Node183,Node184,158508,T->G,,Clade2B
Node183,Node184,158517,T->G,,Clade2B
Node183,Node184,158527,G->A,GT,Clade2B
Node180,Node186,40586,G->A,GA,Clade2B
Node180,Node186,67395,C->T,GC,Clade2B
Node180,Node186,116175,C->T,TC,Clade2B
Node180,Node186,160279,C->T,TC,Clade2B
Node180,Node186,172784,G->A,GC,Clade2B
Node180,Node186,181577,T->C,,Clade2B
Node186,Node187,157150,C->A,,Clade2B
Node186,Node187,157151,T->A,,Clade2B
Node186,Node187,157153,T->A,,Clade2B
Node187,OP535315|MPXV_5219|Nigeria|2018-02,156762,C->A,,Clade2B
Node187,OP535315|MPXV_5219|Nigeria|2018-02,156809,G->A,GA,Clade2B
Node187,OP535315|MPXV_5219|Nigeria|2018-02,156813,T->G,,Clade2B
Node187,OP535315|MPXV_5219|Nigeria|2018-02,157146,T->A,,Clade2B
Node180,OP535318|MPXV_5227|Nigeria|2017-12,23311,C->T,TC,Clade2B
Node180,OP535318|MPXV_5227|Nigeria|2017-12,75512,G->A,GA,Clade2B
Node180,OP535318|MPXV_5227|Nigeria|2017-12,124715,G->A,GA,Clade2B
Node180,OP535318|MPXV_5227|Nigeria|2017-12,162165,G->A,GA,Clade2B
Node180,Node189,177009,G->A,GA,Clade2B
Node189,OP535326|MPXV_5315|Nigeria|2018-06,23000,C->T,CC,Clade2B
Node189,OP535326|MPXV_5315|Nigeria|2018-06,29826,G->A,GA,Clade2B
Node189,OP535326|MPXV_5315|Nigeria|2018-06,109667,C->T,TC,Clade2B
Node189,OP535326|MPXV_5315|Nigeria|2018-06,147459,G->A,GA,Clade2B
Node189,OP535326|MPXV_5315|Nigeria|2018-06,155644,G->A,GA,Clade2B
Node5,Node19,8634,C->T,TC,Clade2B
Node5,Node19,33332,C->T,TC,Clade2B
Node5,Node19,67253,C->T,TC,Clade2B
Node5,Node19,110326,C->T,TC,Clade2B
Node5,Node19,117099,C->T,TC,Clade2B
Node5,Node19,122737,C->T,TC,Clade2B
Node5,Node19,125303,G->A,GA,Clade2B
Node5,Node19,129583,G->A,GA,Clade2B
Node19,OP535319|MPXV_5205|Nigeria|2017-12,14067,C->T,TC,Clade2B
Node19,OP535319|MPXV_5205|Nigeria|2017-12,157078,G->C,,Clade2B
Node19,OP535319|MPXV_5205|Nigeria|2017-12,157083,A->C,,Clade2B
Node19,OP535319|MPXV_5205|Nigeria|2017-12,157101,T->C,,Clade2B
Node19,OP535319|MPXV_5205|Nigeria|2017-12,157109,T->C,,Clade2B
Node19,OP535319|MPXV_5205|Nigeria|2017-12,157112,T->C,,Clade2B
Node19,OP535319|MPXV_5205|Nigeria|2017-12,157119,G->C,,Clade2B
Node19,OP535319|MPXV_5205|Nigeria|2017-12,157126,C->A,,Clade2B
Node19,OP535319|MPXV_5205|Nigeria|2017-12,157128,G->A,GG,Clade2B
Node19,OP535319|MPXV_5205|Nigeria|2017-12,157129,G->A,GC,Clade2B
Node19,OP535319|MPXV_5205|Nigeria|2017-12,157197,G->A,GC,Clade2B
Node19,OP535319|MPXV_5205|Nigeria|2017-12,157200,G->A,GT,Clade2B
Node19,OP535319|MPXV_5205|Nigeria|2017-12,157296,C->T,GC,Clade2B
Node19,OP535319|MPXV_5205|Nigeria|2017-12,157729,C->A,,Clade2B
Node4,MASK_unpub|VSP189|Nigeria|Abia|2023-01-01,47096,G->A,GC,Zoonotic
Node4,MASK_unpub|VSP189|Nigeria|Abia|2023-01-01,81462,G->A,GT,Zoonotic
Node4,MASK_unpub|VSP189|Nigeria|Abia|2023-01-01,105792,G->A,GT,Zoonotic
Node4,MASK_unpub|VSP189|Nigeria|Abia|2023-01-01,121247,G->T,,Zoonotic
Node4,MASK_unpub|VSP191|Nigeria|Abia|2022-12-30,13212,C->T,AC,Zoonotic
Node4,MASK_unpub|VSP191|Nigeria|Abia|2022-12-30,115195,C->A,,Zoonotic
Node4,MASK_unpub|VSP191|Nigeria|Abia|2022-12-30,123135,A->G,,Zoonotic
Node4,MASK_unpub|VSP191|Nigeria|Abia|2022-12-30,161372,G->A,GT,Zoonotic
Node2,MASK_unpub|TRM066|Cameroon|North-West|2022-02-16,180811,G->T,,
Node1,Node191,311,A->T,,LinC
Node1,Node191,146022,G->A,GC,LinC
Node191,Node192,105909,T->C,,LinC
Node192,Node193,2386,T->C,,LinC
Node192,Node193,8343,G->A,GC,LinC
Node192,Node193,32973,G->T,,LinC
Node192,Node193,100799,C->A,,LinC
Node192,Node193,155688,A->C,,LinC
Node192,Node193,159777,G->A,GT,LinC
Node192,Node193,160320,C->T,GC,LinC
Node192,Node193,171697,A->G,,LinC
Node192,Node193,172765,C->T,TC,LinC
Node192,Node193,182626,A->G,,LinC
Node192,Node193,187481,C->T,AC,LinC
Node193,Node194,711,G->A,GT,LinC
Node193,Node194,7236,G->T,,LinC
Node193,Node194,17539,A->C,,LinC
Node193,Node194,25373,C->T,TC,LinC
Node193,Node194,25713,C->T,AC,LinC
Node193,Node194,33906,A->G,,LinC
Node193,Node194,63360,G->A,GC,LinC
Node193,Node194,66867,G->A,GT,LinC
Node193,Node194,75465,C->T,CC,LinC
Node193,Node194,92696,T->C,,LinC
Node193,Node194,95768,C->T,AC,LinC
Node193,Node194,163018,G->T,,LinC
Node193,Node194,167531,C->T,AC,LinC
Node193,Node194,179289,C->A,,LinC
Node193,Node194,185794,C->T,GC,LinC
Node194,MASK_unpub|TRM054|Cameroon|North-West|2022-11-11,19434,G->T,,LinC
Node194,MASK_unpub|TRM057|Cameroon|South-West|2022-10-13,129915,T->C,,LinC
Node193,Node197,114012,G->C,,LinC
Node197,MASK_unpub|TRM064|Cameroon|South-West|2022-10-06,1087,G->A,GA,LinC
Node197,MASK_unpub|TRM064|Cameroon|South-West|2022-10-06,10796,A->G,,LinC
Node197,MASK_unpub|TRM064|Cameroon|South-West|2022-10-06,16232,C->T,GC,LinC
Node197,MASK_unpub|TRM064|Cameroon|South-West|2022-10-06,48569,C->T,CC,LinC
Node197,MASK_unpub|TRM064|Cameroon|South-West|2022-10-06,48636,C->A,,LinC
Node197,MASK_unpub|TRM064|Cameroon|South-West|2022-10-06,91813,G->A,GG,LinC
Node197,MASK_unpub|TRM064|Cameroon|South-West|2022-10-06,99454,A->C,,LinC
Node197,MASK_unpub|TRM064|Cameroon|South-West|2022-10-06,117059,G->A,GT,LinC
Node197,MASK_unpub|TRM064|Cameroon|South-West|2022-10-06,126504,C->G,,LinC
Node197,MASK_unpub|TRM064|Cameroon|South-West|2022-10-06,164970,G->A,GG,LinC
Node197,MASK_unpub|TRM064|Cameroon|South-West|2022-10-06,166169,T->G,,LinC
Node197,MASK_unpub|TRM064|Cameroon|South-West|2022-10-06,178558,T->G,,LinC
Node197,MASK_unpub|TRM064|Cameroon|South-West|2022-10-06,179958,A->T,,LinC
Node197,MASK_unpub|TRM064|Cameroon|South-West|2022-10-06,185530,A->C,,LinC
Node197,Node198,54547,C->T,AC,LinC
Node197,Node198,57358,A->G,,LinC
Node197,Node198,64872,C->T,GC,LinC
Node197,Node198,131901,A->G,,LinC
Node197,Node198,144991,G->T,,LinC
Node197,Node198,145913,C->A,,LinC
Node197,Node198,160299,G->A,GG,LinC
Node197,Node198,165083,C->T,GC,LinC
Node198,MASK_unpub|TRM288|Nigeria|Akwa-Ibom|2022-09-28,17935,C->T,AC,LinC
Node198,MASK_unpub|TRM288|Nigeria|Akwa-Ibom|2022-09-28,20902,C->T,GC,LinC
Node198,MASK_unpub|TRM288|Nigeria|Akwa-Ibom|2022-09-28,23172,T->A,,LinC
Node198,MASK_unpub|TRM288|Nigeria|Akwa-Ibom|2022-09-28,103552,G->A,GC,LinC
Node198,MASK_unpub|TRM288|Nigeria|Akwa-Ibom|2022-09-28,124036,C->T,GC,LinC
Node198,MASK_unpub|TRM288|Nigeria|Akwa-Ibom|2022-09-28,136231,C->T,GC,LinC
Node198,MASK_unpub|TRM288|Nigeria|Akwa-Ibom|2022-09-28,161628,C->T,AC,LinC
Node198,MASK_unpub|VSP199|Nigeria|Akwa-Ibom|2022-01-01,774,C->T,GC,LinC
Node198,MASK_unpub|VSP199|Nigeria|Akwa-Ibom|2022-01-01,65362,A->G,,LinC
Node198,MASK_unpub|VSP199|Nigeria|Akwa-Ibom|2022-01-01,71120,C->A,,LinC
Node192,MASK_unpub|TRM072|Cameroon|Centre|2021-07-22,10733,A->G,,LinC
Node192,MASK_unpub|TRM072|Cameroon|Centre|2021-07-22,11019,G->T,,LinC
Node192,MASK_unpub|TRM072|Cameroon|Centre|2021-07-22,30722,T->G,,LinC
Node192,MASK_unpub|TRM072|Cameroon|Centre|2021-07-22,36731,G->A,GC,LinC
Node192,MASK_unpub|TRM072|Cameroon|Centre|2021-07-22,59504,C->T,GC,LinC
Node192,MASK_unpub|TRM072|Cameroon|Centre|2021-07-22,73470,C->T,GC,LinC
Node192,MASK_unpub|TRM072|Cameroon|Centre|2021-07-22,122713,G->A,GG,LinC
Node192,MASK_unpub|TRM072|Cameroon|Centre|2021-07-22,131482,C->T,GC,LinC
Node192,MASK_unpub|TRM072|Cameroon|Centre|2021-07-22,132640,C->T,AC,LinC
Node192,MASK_unpub|TRM072|Cameroon|Centre|2021-07-22,135105,G->A,GC,LinC
Node192,MASK_unpub|TRM072|Cameroon|Centre|2021-07-22,170912,G->T,,LinC
Node192,MASK_unpub|TRM072|Cameroon|Centre|2021-07-22,173318,G->A,GG,LinC
Node192,MASK_unpub|TRM072|Cameroon|Centre|2021-07-22,178013,G->C,,LinC
Node192,MASK_unpub|TRM072|Cameroon|Centre|2021-07-22,179263,G->A,GC,LinC
Node192,MASK_unpub|TRM072|Cameroon|Centre|2021-07-22,188478,C->T,GC,LinC
Node191,Node199,19136,G->A,GC,LinC
Node191,Node199,19488,C->T,TC,LinC
Node191,Node199,22998,A->G,,LinC
Node191,Node199,38403,G->A,GC,LinC
Node191,Node199,48041,C->A,,LinC
Node191,Node199,49889,G->A,GC,LinC
Node191,Node199,51064,G->A,GT,LinC
Node191,Node199,57532,C->T,AC,LinC
Node191,Node199,84002,T->A,,LinC
Node191,Node199,100267,G->A,GA,LinC
Node191,Node199,120006,G->A,GC,LinC
Node191,Node199,123774,C->A,,LinC
Node191,Node199,125591,G->A,GC,LinC
Node191,Node199,140127,C->T,AC,LinC
Node191,Node199,140128,A->T,,LinC
Node191,Node199,140129,A->G,,LinC
Node191,Node199,140136,C->T,AC,LinC
Node191,Node199,143851,C->T,CC,LinC
Node191,Node199,162409,C->A,,LinC
Node191,Node199,166152,A->T,,LinC
Node191,Node199,178107,G->A,GT,LinC
Node191,Node199,179809,G->T,,LinC
Node191,Node199,190045,A->T,,LinC
Node199,MASK_unpub|TRM055|Cameroon|North-West|2018-05-10,25311,C->T,AC,LinC
Node199,MASK_unpub|TRM055|Cameroon|North-West|2018-05-10,42111,G->A,GT,LinC
Node199,MASK_unpub|TRM055|Cameroon|North-West|2018-05-10,110872,C->T,AC,LinC
Node199,MASK_unpub|TRM055|Cameroon|North-West|2018-05-10,136585,G->A,GC,LinC
Node199,MASK_unpub|TRM055|Cameroon|North-West|2018-05-10,143027,G->T,,LinC
Node199,MASK_unpub|TRM055|Cameroon|North-West|2018-05-10,151365,G->A,GG,LinC
Node199,MASK_unpub|TRM055|Cameroon|North-West|2018-05-10,151755,C->A,,LinC
Node199,MASK_unpub|TRM055|Cameroon|North-West|2018-05-10,162380,G->A,GA,LinC
Node199,MASK_unpub|TRM055|Cameroon|North-West|2018-05-10,162529,C->T,GC,LinC
Node199,MASK_unpub|TRM055|Cameroon|North-West|2018-05-10,171102,G->A,GC,LinC
Node199,MASK_unpub|TRM055|Cameroon|North-West|2018-05-10,172087,T->A,,LinC
Node199,MASK_unpub|TRM055|Cameroon|North-West|2018-05-10,190607,C->T,TC,LinC
Node199,Node200,16601,A->T,,LinC
Node199,Node200,39236,G->A,GT,LinC
Node199,Node200,59215,G->A,GC,LinC
Node199,Node200,82622,C->T,GC,LinC
Node199,Node200,111165,G->T,,LinC
Node199,Node200,167047,C->A,,LinC
Node199,Node200,172088,A->T,,LinC
Node199,Node200,173318,G->A,GG,LinC
Node199,Node200,179916,G->T,,LinC
Node199,Node200,183490,C->T,CC,LinC